identifier,index
2e89fbea-7d27-4143-ba09-2fdd7d42837f,0.0
d7f68827-79f5-4a88-a873-4bbc8530d0ea,0.001170893041945014
d5e702fc-4c68-4b60-b7e1-643b50010542,0.0023324353540284297
ef76ff54-4731-4f34-8a99-ca46105c9d6f,0.0034939778315293242
43ce9805-5024-423d-9b59-fb24009d590c,0.004655520608371834
cedd4c40-109a-4f02-b169-2cd68c5b9841,0.005817062923444869
01d50c6f-7b00-4d07-8d9c-6d8cab26780f,0.0069786052386301405
4b2d045b-31a7-41cc-9a82-336848a80f31,0.008140147553837646
abaa87ce-d497-437c-8b6b-6f1f751361c7,0.009427961264555744
40a224a7-2f12-4414-ad00-cbdafc316073,0.010715775144504521
0ac396a2-1ceb-4b93-9bd0-ab6e1ac5c3c0,0.012003589033869543
72785f6c-b312-4282-8966-e930557f52a4,0.013291402883138752
da63b47c-cf45-49ca-8d6b-325e16177dde,0.014579216768346542
664e7e60-ea6c-4f3b-91c9-ebd3606b729d,0.0158670306535341
e971f357-5761-4f2c-a039-34a03653c810,0.017154844538723003
50d6dc30-b86e-4acb-8249-345a69df4ee1,0.018442658237544377
f0fbd6d2-2def-4344-9acb-fdd1d7a5328a,0.019730472128698995
10b066e3-203a-4c97-bb79-92b2e3bd2df7,0.021018286010575774
2f7498a5-bef8-42b4-9894-fcbd6ff58524,0.022306099901709925
409c3a19-b0fc-4690-be4b-74b229f9cb84,0.023593913783586707
fa7cc2b0-388b-46a9-8ce2-025bf56785d9,0.024881727731062904
8b05e9d1-5b78-423e-9ec6-6e41797c140e,0.025972289567623034
79c29326-5219-42b5-b508-c20f8740ff88,0.027062851394766965
3d674f37-6c3c-4989-8107-535f6f4e4a8f,0.028153413231327095
1a563b74-290d-4107-a2ca-0f1bfc502df7,0.02924397505847103
9b572b49-4e13-433c-b5c5-dfaf71de8e88,0.030334536870209552
808e1202-d81a-4929-80cb-fa55be5336e6,0.03142509869537556
a5935d1c-c60f-430a-ac72-80150550d877,0.03251566053007252
3f3a178c-323b-48ae-8312-8cc3c58d64a5,0.03360622236478752
3720c9cf-fb55-4cca-a103-366022b58a20,0.034696784189935485
b40d197c-2310-4777-bca1-916ef3355eed,0.03578734590152508
369cad3e-3d32-4234-9470-2af4a6bb8733,0.03689403593937573
092ab590-4b11-43b0-a1c4-d05fbd70fa92,0.038000725986641185
0e863ba0-8905-4545-b243-7b683675deff,0.03910741603390733
9eca8a62-bec6-4c7a-9a03-3ec629d74cdc,0.04021410607175798
018b5558-3681-4be0-bdf6-397d60fa2aea,0.041320796140845835
55310280-2c17-4182-8d7f-fc7fdac7add0,0.042427486178674936
55cee1af-1ef3-42c0-878c-62a0301eef50,0.04353417622605285
54545b89-2965-47c4-8924-de716f78f6c2,0.04464086635207887
96648ce2-81a2-48aa-b99d-e6490e5ee7f6,0.045747556394497464
9af89e6e-cfd7-49fd-a5ed-0943ce221e8b,0.04685424643691626
0b6ac763-b7a0-435c-a08a-f3fa0f4cd35f,0.047960936479331966
ddcc9875-dba0-4a77-b564-d0eda5f250a7,0.04906762652175077
78e59ff7-d06b-4a03-8c6d-f075f1c735e5,0.050174316564169576
bfad5edd-9daa-499b-a990-065f2f6ff037,0.05128100660658817
249db9d8-e9ef-40ab-942b-5c08c2775430,0.05238769664913859
a69dc250-e040-4a15-b996-246658520dd3,0.053494386691557184
46d8c1ab-bf09-4dab-bbb5-b55a67c95fcb,0.05460107676369706
29cd701c-2712-42f6-8dcd-b17f6a0a4d46,0.0557949115326999
fa5163db-e42a-4114-bd4d-cd43e0fb646e,0.05698874630170789
09465378-8ace-4485-9c77-2834b5dca58e,0.05818258107057621
c89fbbcf-2059-4451-aab8-e49b7d0f8f48,0.05937641583958421
c0c0dd0e-f721-4d33-81cc-8a2a33985dcd,0.060570250524142534
24e17d5e-2f6d-42da-8be7-5dbf62f1d3f7,0.061764085290200985
b18118c6-9b11-4b6e-b649-47dc8ff748c4,0.06295792006581018
d45e11a3-a459-421a-87f1-79e14d45a094,0.06415175483200314
750dab07-14f9-411a-b4d6-7ef626d2818b,0.0651453302940183
ee31265f-5523-4107-9ad7-d8d784f7e5ea,0.06613890573856403
990a6a19-24ec-480c-b88c-e2df7f01e09b,0.06713248119252561
af21e399-21b8-4913-8653-076f91ba1491,0.06812605664649243
d8626b6c-3b26-4fbe-b99c-e9274bfa3823,0.06911963210045402
30ff9cd5-a9ea-4a45-9fd6-fc3327bd736f,0.07011320754500498
78cbc196-4199-4076-901a-9e67e0ac20be,0.07110678299896657
81bd8d84-bd11-4248-b34e-520bf42df1dd,0.07210035845306229
5291d554-7997-4306-981e-bb646b3c2559,0.07309393390702912
3a117e99-77ba-4328-9ddc-76318d53a804,0.07408750935157483
0a185642-29b1-4663-bc7f-7ad626ab4928,0.07472342532977362
4eeb78a2-97c4-462d-86d0-8d1c1bfb9359,0.07547904318412786
29e493f9-d215-4f5a-884e-fbcae5c344f8,0.0765959350484846
a145b1db-2444-4adc-8d64-4f2216ca7dec,0.07771282691297583
bec7d290-1fcb-42b6-8098-cd6f7e8618c2,0.07882971876806295
9edb8241-8963-486e-a52c-12b8304c0a41,0.0799466106325534
5e3a4210-bca6-470c-b1d0-bc5f923fde80,0.08106350249704464
a6a7b90c-4891-4f12-9d05-ef941af55fc8,0.08218039356304699
4e8e59d7-dd6a-4a19-a679-b329a9475440,0.08329728476765524
37c7551c-936b-4227-af2a-2dbb0680fa6c,0.08441417492405986
40a684d0-80f7-4cc8-aa54-2c88a9f629ed,0.08551394285214638
7f03b817-7280-4ac9-be48-234f8f708521,0.08665532125913217
38947b8a-1e83-46aa-a00f-eac4f81bed79,0.08753065378377213
0bf4aff3-14f7-471f-80df-0e59b3ffd111,0.08841893718235436
bd09dc03-0f33-4c44-abb0-0e9985eb5770,0.0893209401438626
0e773249-16b9-4ed1-8abe-d841668ebe0e,0.09019647131768696
43abbac3-081b-41bf-8007-ffb631d7e1bf,0.09107849783614487
a736f432-61a4-4398-81a3-2c2992e72355,0.09195105976784977
37f3a61e-e060-4ee8-8a54-bd52afd32b1b,0.09282362170009874
782d64ea-38dc-47ed-9d2b-9e3cdbfcc2d6,0.09369691849762375
4a77b1f9-b606-4393-9106-acd230c950c1,0.09459541784564267
149d43f4-abaf-4701-b807-100b249c0b4e,0.09547240499171353
5640f7cf-9865-4589-8439-1ea07afc7ca5,0.09634935891792763
be6a4769-4eca-4dca-8294-1f05aba6491e,0.0972630369895024
bb9bc624-77ab-4a9f-a656-8615f9655074,0.09813809201415835
be064eac-d8d1-4888-9086-c6fa43704f42,0.09901299794599272
9e78d212-8083-4760-91cd-a7a3737e521a,0.09988790388628858
0c094b8c-54ec-4b45-a4d1-11b144469f50,0.10086888383260363
a92131cc-6385-49d5-82d2-179ac4ee59b5,0.10184199947936616
7bd98b0c-76db-425f-838b-c11efacbac31,0.1028152039741302
0443893f-f0de-4ff0-a8f4-e4149f30373f,0.10385514255761981
1802041d-d6df-4e99-a836-d3e4af8f418e,0.10482886437673536
068ed249-8ed7-43e1-a5d7-4d8f51c7f09a,0.10580258618708493
bd84fd63-2065-46d0-aa3b-2b40fbfbb16f,0.10675086459708989
b7caa9a1-8280-422d-bbed-a38856553d32,0.10772591886385656
fc719482-bcc3-467b-baa2-bdd7220f28bb,0.10870097313963537
a7d0325b-f7c4-4b28-8040-cc55c31fe57a,0.10965770945659263
95273a40-95c0-4fed-8d51-75fb409f9139,0.11063230794645308
f3eec493-ae27-44d0-9c28-16ba6d1ab6e7,0.11160652808977667
858aceb1-f062-4134-8593-5e53a415428a,0.11258047396091121
0ea1919c-ffd8-4a92-a3d1-965c7feade95,0.11355441984063358
574838c9-d267-4175-86dc-0c6078d68dda,0.11452836571176812
59ccc693-4142-4cca-88de-1eae2c4fa09a,0.11547627199210689
2221ff88-2e4d-4eab-826c-03c4df0d62c3,0.11645118082939072
0f1c1a5d-139e-4d84-80d0-96b199ae3ec3,0.11742608965760028
8e776141-857f-4246-b425-39d11f60d28a,0.11840099849488411
760ae36e-c006-4769-9b19-87fae1eb1eeb,0.11937592551048155
d80d80f9-87b5-4501-af5f-dabab1e392b9,0.12035088101494493
11d99205-2143-438d-b14b-fb9424ec7caa,0.12132583651992292
e25c830b-e1a7-49d4-96e9-6373cb20c1d5,0.12230079202438629
c19cd11e-9811-4f23-a480-6f98fb326b65,0.123275375823671
a0b39582-5ad2-431d-8038-f9fd4ee3304b,0.12424824155990476
40b51d66-d124-45fe-ba3c-a2a58a855f80,0.12522021314015339
ad8a7c57-3363-426c-b49f-05bfaf360665,0.12620579154347122
2e90ca6b-ca75-445e-93e2-953662b92342,0.12719136995523092
2a444423-46a2-49f4-bbcd-76b95e27eef9,0.12817694835857857
1b0c7929-4b1f-475b-ae86-403d0b7e4df6,0.12916053569910876
6629f24e-f12f-4ff9-a453-bef2de1b0c83,0.13014079741548487
179deaa9-bcd3-4bff-80f2-adde9c1c5d7e,0.1311555091524686
67a001ca-9db7-4aad-9687-feccfeadef02,0.1321172677975469
e8f56bbc-bf45-4e70-8f8c-c60b47630850,0.1331028663490948
b9130f23-5e31-4c99-b606-cf793bc40a50,0.13408846489253035
0e618820-d444-4632-a11b-ea6348fb7131,0.13507406343600178
c7fcbc86-8bda-4781-94ec-79d7f454094c,0.13605966197904854
60869d4f-6b75-481d-bd42-3e1e4537ec9b,0.13704526052252
a608f431-2549-41e9-ba0f-d105b515eb4f,0.13803085906560264
30fad2cb-8a42-4f32-803a-aecb29cf7ce8,0.13896973759907447
2fc68f71-793e-4c9b-83d3-5a3808374cde,0.13990861621243558
03a41c56-0583-41fd-b3df-b88b9921d0ae,0.1408474948258338
7744c8cd-0a33-4366-ab60-49df1b379b77,0.14178637343911984
953e3e50-2ef2-4d37-abde-02e17bfad646,0.142725252052481
ff62e5da-9ea9-4721-ab71-b611a4f06c12,0.1436641306658792
108007d8-f83c-4389-8ff8-896ae60faf6f,0.1446030093553313
1c9de6f4-1945-4cfc-b007-d7ddd275a8ff,0.14554188797344675
79ae3bfc-eaa7-4c7d-867c-d3e00132f443,0.1464807665836701
866f1277-765c-48ea-9f3d-248a2e6721e1,0.14741964520178558
3826b566-ae5c-4cb1-9bc4-f9ee8f6d99b3,0.14835852381197265
64262a65-d587-415f-a029-a80e5ed43e25,0.14929740242961642
69e94298-10a8-4fbb-bde5-8c66a14fb6f5,0.15023628104773187
d40070bc-5f26-4d28-a894-d665d0d3d4da,0.15117515965791897
153b7aab-0dfb-44b6-99c1-b524a54fac99,0.15211403827607067
ef25a0a5-18ce-4953-a594-ecc5b68ab30b,0.15305291688625777
606e557d-e665-44f2-8652-f43a37fa5a48,0.15399179550386524
79cf8cd9-9b02-4aa9-99f2-c4103e0f375b,0.15493067411408865
d0eec3dc-6f08-4c9a-8fed-75992974cdc3,0.1558695527322041
6084afb6-da2b-4f23-a734-43bbde3da36b,0.15680843134239114
04662c44-383c-4128-aad4-586735933db9,0.1577473099605429
b4b4872c-b1fa-4dde-8ef1-28e31b6c57db,0.15885848956611298
3556d161-b63e-40fc-97f5-254e969f1441,0.15996966983957
fa3d0b24-c58d-42e8-b0ce-6867b3496b17,0.16108084980924567
89c30468-3397-41f9-ac86-e1108fc1e48d,0.1621920292374469
03f278fe-cb68-4a64-a21c-9a53e50b0f42,0.1633032088543146
bfe0c393-a443-44ab-971f-3edbdbd8c576,0.16441438846236103
24d2f438-b897-4292-9ce6-caecf0f80c24,0.16552556807014268
f0a1eda6-4c12-46d4-8085-6d7624782d33,0.16663674767790676
3c199f3b-a655-4c88-a302-75ad85a1d0a6,0.16774792745819025
fbb719e7-9996-4373-b7f4-0a0210711de3,0.168859107072522
a2a1b570-c103-40ed-a378-2d148920dea2,0.16997028667755293
698e40c9-c38a-4872-b975-1cdd0b011f40,0.1710814662610896
2c420cc2-aa92-489e-9044-c061b001308a,0.17219264595989905
c62dc20c-9b5c-4d90-8a66-d08cc8317830,0.17330382556708362
67eaea1e-b565-4691-bc13-b474cb2dad1c,0.17441500517445374
b4578cb4-6c65-4667-8628-81766df0b53c,0.16269840491311538
31be1a34-e38e-4b90-8c0e-1c61d163bc2e,0.16355389006921434
a059eb8a-ab6a-490f-81f9-d9dfc2c497d2,0.16440937521649204
5e9ec843-cdef-489d-ae22-3afc92809651,0.16526486037283808
c5c28dcc-f183-4afd-88b6-6cda8f280598,0.16612034551998597
10069ad0-fbd9-4119-a75e-87464508da40,0.16697583085175877
1b63d5c2-0455-4f6b-907a-7617906e14e4,0.1678313160024033
2e54d0b5-9269-4bce-ac3b-3c540f99baef,0.16868680115291704
d96df0cc-c161-40e1-afdf-38f69a769d80,0.16954228630378199
b1706247-9def-4f6c-8874-0046fc58e90f,0.17039777142802762
9fda0a41-6e03-4063-9d7c-5dff896f0a74,0.17125325658396853
5e52f9f8-b9bf-4cef-aaf1-3bce8a854903,0.17210874182286368
6cd543ff-c748-4913-b655-5be819b59a77,0.1729642269742815
3063c17b-bb78-480d-9f53-44962d055f74,0.1738197121259134
9fed32fd-2e51-4c57-99f1-67381fed8ab7,0.17467519727733125
fd9e7c4b-db75-4983-a60f-fdb1978583f7,0.1755306824286176
539afc24-f3eb-4975-ae89-5b19f4977f8b,0.1765804910182206
77144fa7-3e63-40f0-886c-978c3ef80b2d,0.17763029958395243
21b52486-32e4-4bb3-be27-c5fed3cbe9de,0.17868010814949414
37650a41-24b1-4353-a93b-f814a38cce22,0.17972991672441663
b03aa77b-6645-4576-8441-05524df100a9,0.18077972528995834
5f5a810e-5ffd-4008-9ee5-e121efd66eac,0.1818295338553541
7c7f90cd-0249-4e95-af21-d0ad02c344bc,0.18287934242110054
78e56138-e2aa-46d8-a221-50558866687c,0.18392915098662765
92cd0def-e9e7-4358-b537-93631de1a22b,0.18497895957252003
ee7866bb-889c-41cc-884c-175a64bfaabb,0.1860287681392029
3f3c8de0-0e97-47a2-99ad-296dd416f9b5,0.18707857670609462
c586038b-e9ac-4f0d-8aa9-e23751ae6663,0.18812838527277753
482f8bfe-5d2a-42f9-9ab8-f521a90e9b81,0.1891781938303566
ef88162a-4bcd-4478-bda2-beeea5742917,0.19022800239703952
ba799200-14ec-48d1-bfd9-9afb7413050e,0.19127781092840695
bdeb5422-ec62-4bbe-befc-985348a6a82d,0.1923276194974764
8e8e6dcf-2ca2-411e-91d1-74bbf798e8c0,0.1933774280667593
25a73301-9bdb-4a92-96ae-592ba93a9731,0.1944272366265422
0bf85644-8780-4c71-9638-7c7c0e90bcd0,0.19547704519539819
8e144764-623a-4e96-be75-8f65a8c3c67c,0.19649324893180123
3b2b8747-8107-4ea8-a0e3-8e6f3f5c2e75,0.19750945333074119
04709885-78cd-4a2a-9684-94a6c39e7be2,0.19852565772114777
cb4df67b-e894-449a-a9f1-23ca8b388859,0.19954186212006483
8319b7f6-1d9b-46ea-a2b2-ce1efb1f1b63,0.20055806493345749
5889ac3a-6b39-43d7-a422-473dea46784d,0.2015742693328464
1e8f072a-df7d-410b-9995-3814686f096d,0.2025904737246384
667febe3-093f-4c3a-9e70-09c87d4b95d3,0.20360667811628197
c3073c1a-405b-4974-9dc4-5ca6051b22f3,0.20462288250807398
524e29bd-d786-47e7-a97c-11d4cf8576b9,0.20563908688206545
2913ff8c-3b23-47ce-89e9-57dc23d78593,0.20665529127673105
3651e153-7103-4f8c-ac45-1b1882d7feca,0.20767149567139664
3c9f56f7-caed-49f6-b20f-5b77c4f2ee11,0.20868770035002174
9de7ee69-e138-4fa0-b1bb-bef2aba96f04,0.20970390550836643
4b053bc6-bfd1-4a05-a10e-2cb66788b120,0.21072010989915058
5366308d-0878-497f-9975-bb02315ee066,0.21184466505450247
273d7253-188b-4eeb-a3a5-3c4f1561c353,0.21296921992037485
40919ef8-722e-47ba-9e61-49cfe199a6cb,0.2140937747943479
c5c8b40e-ae0c-4cee-939c-e86e7749d201,0.21521832965982118
ae05d81e-710a-4f7f-8a9d-03f4ad49ada2,0.21634288473794433
34e38e10-bad1-4e49-aaba-9fb883ef9194,0.21746743960165618
afb21776-20f2-4d5a-b345-ed4d9ab87965,0.21859199447452995
ca95a429-243c-485c-9f7c-7ecba4d89cb7,0.2197165493385902
aaa582fb-7b0c-483f-a19a-631300d2280b,0.22084110421113878
990b0cb3-f70f-40b6-b736-9826872eaf0a,0.22207468681730763
4886ce35-9b19-489a-9534-112f0b25106c,0.22330826946996676
c8c7ee97-9af3-4720-9672-0a7e8a6721a4,0.2245418521227485
a2d08a8e-122a-441c-8c6c-575e1b4b7397,0.22577543471003705
531fa61d-1ccc-40c7-8a53-6459d95f85e7,0.22700901736287654
d2fc64e0-f4c4-44bc-a388-1bbd33e9cde7,0.22824260001089589
a3fdca87-3dc0-4df6-ad58-9eac1a7e10e1,0.22947618266193115
2edc8851-f346-4ad9-b58b-8720a3c51c42,0.23070976532177745
5bc5f3d5-cf5d-44a1-97a7-892eec61c866,0.23194334719227616
c0f5e540-f449-401d-9c4c-31cf28575fc5,0.233176929849465
aef459ba-66b3-428b-9ffa-7b50227bf6bc,0.23441051249892716
3af778f5-4aef-4777-8a86-e64fe3f266f7,0.23564409515557788
7f9c8186-262b-414e-a038-8ed8a044429e,0.23687767780492966
8750c03f-61a6-413c-8567-e2d6c779e991,0.23811126020427353
64c35dd9-7eab-41b5-843e-98afa0972220,0.2393448428543199
8c6f2241-bc8b-4e30-a54b-426851a6eac1,0.2405932792691127
7e997939-47b1-4e35-b1d3-7c2a491dbfff,0.2418417156067459
45156515-9d31-41fc-b8f3-033ccedfa3f5,0.24309015193748473
69f8c961-44c1-4cd7-97c8-e3840576b6ef,0.24433858850969586
81527907-bbe4-433c-93ed-5c661b8a2b0c,0.2455870247860444
6d5cb8d0-45b5-4b22-81f5-92ad7af7b8c2,0.24683546004386422
313eedc5-c090-4d78-8077-2584b63bb0ce,0.24775825214007
0a1d769f-a1ae-4e03-9661-4c64d39f3bd4,0.24868104376693953
462fd561-81e9-49f8-8ab6-f7de0736ac56,0.24960383571232822
e5427258-cb2d-4bff-b591-67b5b659b70f,0.250526627714564
c332b289-7c18-4df1-9768-5b744c66e87a,0.2514494193385303
abc800cd-ee66-48d8-b56d-220b019fc0dd,0.2523722109623621
357e7b11-6d05-4109-9fdb-ec0136dfaeb4,0.25329500258472165
67aa00d5-11ac-4ff7-b5a7-e94ea5c5ad4a,0.2542177942048872
96b6c40e-42a7-4596-84b3-0b55cb73b7f2,0.2551405858347532
826a601f-1818-4095-b835-9c9fe22429d8,0.25606337746349217
e543b920-750c-4fdd-929a-d3602d371695,0.25698616909012373
d570d74e-8e24-4597-83d9-8833e3d86a79,0.25790896071675523
cfb27112-d217-426e-8fe7-affe4fe87cc1,0.25883175234323885
9096e7f9-3779-47b6-b5ee-a8133a7b3792,0.25975454396061
e17c07e2-d113-4cb5-a321-25e0f17682d6,0.2607956432491638
c480d18e-657b-4382-a7c9-8dc8f522d373,0.2618367425471185
4daea01e-d17d-494c-b27c-4829cdf3e09e,0.26287784184063423
ca9cf7a6-5b27-48d2-913e-131d97bc0d6a,0.26391894113377734
2f4bedc6-196e-49e5-b9f6-08f0cd56f6b6,0.26496004042678595
23fe9424-bd6d-4151-94c5-6483cf5e33f1,0.26600113971991435
8eab160c-bf0b-41e0-8748-259a06573df1,0.26704223901292407
173f5493-6393-402f-8f22-d55e61ffde78,0.2680833383060672
75d329e0-e99c-46ab-a9a0-e7be56e67ddc,0.2691244375992103
f02ef1e7-5da6-4934-8c5d-ecfead06436d,0.27030942943810254
0f6f754a-61b0-4017-8831-3c2ee663d462,0.271494421282067
2a6ea460-e4cd-4d0f-9c30-eb8bb65acdb7,0.2726794131312017
5dc843a5-f623-4e42-86ba-bade40076b5c,0.2738644049745761
ddd3bb65-f92f-433a-b0b5-192d5dda63da,0.27504939680825247
29db070c-0658-426a-ab1d-6e28466049e0,0.27623438865327066
a43dd0ab-1355-4017-abb1-bd2d77f23351,0.27708814965152795
386ff84e-9800-491e-96b6-60d248d88dc6,0.2779419106402359
b41766d5-cf62-4729-99de-f2e02e78da3e,0.27879567163837343
8877b06a-8f22-4fd5-a916-13c1307bf880,0.2796494326366307
bc81f6c3-8279-4ea0-864c-0bb68762cbc4,0.2805031936347535
1cd51608-a362-4fc2-8938-90d8f4e87993,0.28135695462655297
26a5dc61-7bca-4988-9775-a757d0f07967,0.2822107156263939
a08a8443-eb9f-4f38-8a81-33fbd678d5f3,0.28306447662887874
14615978-5192-45de-bf6b-2168fa21f2f5,0.28428328609515663
e08bb290-519c-4c77-a99a-1432ba1f81d5,0.2855020955708494
c6b9d832-3f25-4045-b9db-efb43840d97d,0.28672090503699277
c06e8931-4eed-443f-b4fb-ae972ac14e73,0.28793971450313616
318b285c-a47a-4c91-a409-fb6aa0461a97,0.28915852396941405
afa5c12b-2ae0-4c8d-a733-d5f091f6c913,0.2903773334451068
ca3bee50-45e5-4dc1-b734-07e9de700e9b,0.2915961429112502
24fc68c5-88f8-4653-bbb0-7dbad96a326c,0.2928149523773936
32da11a6-c5cf-4a3d-ba6a-dcb790868176,0.29403376185308633
568db1bc-b3ef-4e20-b88e-339dc409e8d6,0.29525257132331756
43e2df3a-c722-4bc7-b0de-caf44022d42f,0.29647138079525065
1c52e7b5-41e1-40b1-8296-83766623dec1,0.2974974866110637
33d079e2-261e-46dc-aaf4-ac754760bb36,0.29852359242687665
aab49753-7575-49c5-8acf-5160136eb9f1,0.29954969823326005
b88442b6-5df2-4ed0-9cce-fdd0c0e3b904,0.300575804049073
cbfb7293-9396-4641-b4f6-b5dd50f74e29,0.3016019098648714
c6e722fb-4279-44cc-8662-d15b6250bbb5,0.3026280156766135
316fc50c-0895-4f90-841c-ffc8fb6090d7,0.3036541214948525
0fa60d83-84f7-4146-a8f8-65b4e37d00d1,0.3046802273035277
74eda7b8-3638-4d09-b1ce-6d14a953539a,0.3057063331217523
64bab2e5-6f5f-4fea-b05e-61e855c48c13,0.30673243893056207
e0e7ad8d-5625-4e2e-9948-3838e7d0f98b,0.307758544748801
75a06be3-4276-415a-aba8-3d198c322934,0.30878465056425275
2860d587-0e56-4bf2-88f8-2801288917b4,0.31017517882007234
a26aacf1-5b77-414b-ab28-a4f81c775222,0.31156570708529163
7233b7d7-1931-4b37-ad8b-84dbfc285f0a,0.3129562353411101
3a0e71ec-ea13-4b82-b3fc-c6a30219a254,0.31434676361672764
e58bc58a-2274-45c1-872a-e75b0008ed1a,0.3157372918797371
8d898835-e68b-4aa1-acf1-9fe7f74a143f,0.3171278201331868
28a74f74-244f-442d-8791-b89c8aba64d4,0.3185183483961969
143ac4e1-fcd9-4b76-aba4-7349655e7d21,0.31990887664471523
83d6ddd4-f5d3-46d2-a03f-d2cb3ff2cb5b,0.32115289696176064
e45b495d-d17d-4e80-9b21-8248f45c0f78,0.3223969172788058
0d4a1187-64be-475c-8285-9c7fdcee3ba9,0.3236409375957165
54896a0c-0ba7-40db-8aa7-3bdc7a41827d,0.32488495792231237
27563907-61e4-4b56-820a-861dc5aa7841,0.3261289782393575
d792c5ef-bdb8-4833-9161-55458cfe51e1,0.3273729985562684
eda6cf8d-c4e6-4931-bbc6-6d68b621ff07,0.32861701887331357
8c33b717-e1b9-4320-a414-a9daa509c4e3,0.32986103919035875
e83cb186-6a89-4f42-8e37-a39060c5413c,0.33115260885540854
4fdd8f41-db31-4444-9cb0-dbfcea3b62db,0.3324441785240899
b69e8fe9-a29c-43a6-828d-b9987e5ff796,0.33373574818336116
0db84180-1184-43a9-97a0-d61c6861bebe,0.3350273178520426
65bed3c6-10b6-48f8-a778-c826193f6daa,0.3363188875113142
23eee654-f1bc-41aa-9081-39a6bf4a6a9a,0.33761045717057986
74380383-b684-40a6-b84e-06d84cad091e,0.33890202683926685
86f14245-8f9b-4586-93d4-034f0fa5ce2e,0.3401935964985324
6870258f-1101-4804-a6eb-ae45be10c935,0.3413305492821504
2b66f927-3c88-40c7-903f-2090ce65fc1a,0.34246750206414056
217f432a-e80b-4a83-9a15-c67e817ba63a,0.343604454836715
017d7c73-104f-4a01-a774-aba7e0b2d35a,0.34474140761884653
855b9c5f-ec69-4a5c-9423-ef21f7393377,0.3458783604009711
c0bd2897-4790-4f6c-8ef6-c60d35555d1c,0.3470153131829687
e188dcb1-26c8-4790-8817-92f1192d70cf,0.34815226596509324
37957f0e-b7d0-4276-9592-39cccde31398,0.3492892187470834
d4c25389-a0b6-4bb0-9d03-463c2f572c4c,0.35042617152921496
9b07996e-af20-41d2-8444-e2dcb81277b6,0.351695844990263
ca91360b-8fdd-4afe-be96-50ca89c1aab0,0.3529655184678703
1eb8292b-7b8b-42e4-a3b9-15394f9c00b6,0.35423519193592673
c2fc86a8-c0b0-4437-805b-f9230757a9dc,0.3555048654039836
33cc746b-42f3-4100-816d-4541573056c4,0.3567745388720458
847aab3d-44de-4687-969d-8a9e00b32faa,0.3580442123401027
73b1df5e-5bd5-4123-9348-aa2e0f1d29f3,0.35931388580815915
d0223fad-fc12-4bdd-9df3-b00bd9ef813c,0.3605835592824316
f60e6ae6-0af7-4d7d-accb-33e1b6f1498c,0.3617345289223246
74f606c6-28e7-4ce8-bea1-b07065509c85,0.3628854985623453
37bcb642-f6f1-4ba3-b0b1-7c6cf26250f6,0.36403646820223834
25dd0518-931b-40dc-9bc1-cbde828c51bc,0.36518743784225904
22fef2b0-b1fc-4961-8eae-f723055a98ad,0.36633840748228713
d15d92c6-0467-4d59-9c2c-b8d62270cc45,0.3674893771221733
80a1b613-5308-495f-a549-bd38d6a00ebd,0.36864034676220087
34a88bf5-c38c-46a6-b41b-37ca65aceba3,0.369791316402087
91af0d13-9742-4e97-96ad-46bbc937d076,0.3709422860422738
1ca10e36-714e-40c2-bfd4-9f8c66281f30,0.3720649490785623
a5d0f36c-8f67-46bf-8cf9-0406169bfa27,0.3731876121147107
22ef98c5-92c6-4bf8-9008-3722620f9e02,0.3743102751602805
10896320-fd07-4998-bbae-11ded44f645a,0.3754329381965694
42694c28-877b-402b-bb71-7865386bc347,0.3765556012327173
7cac3e12-0153-437f-9df0-5a02b4a6981b,0.37767826426887174
72a4b52d-e712-411f-961b-f979a0686c5c,0.3788009273144355
e0a4c07e-fc95-4e18-8f23-46d0cb4e45c1,0.3799235903507244
b09d70e3-9adc-43e7-9e85-d3a047c803ed,0.38104625338682196
b2628127-b6dc-48d4-8c58-c9325844cc79,0.3822254651330129
f38c4e95-49da-4990-82d1-8278fd974e25,0.38340467687906366
4c3ef0de-830a-4a15-b0e3-13120121c999,0.38458388862511445
f95db6ee-a08d-4c5c-90c1-820d498702ab,0.38576310037117084
4b37cf7a-9b2c-4c21-ac5e-3eb13cc1b472,0.38694231211722163
602f45ff-42d8-4518-a8cf-4f3a7a31c311,0.38812152387268783
e7c8fbd1-0645-47d0-9f59-9f3c3c695600,0.3893007356188791
8886373c-f8db-47af-82e8-fbfcb42693d2,0.3904799473649299
f0f942de-884e-4997-94f2-7777ef54469b,0.3916591591076538
248c42dd-8b18-43a6-b79c-facc5b3be5b3,0.3928887210856416
fce9cc05-ea69-463a-9b9c-b6f2f9fb83c8,0.3941182830730451
9c4700a8-90e9-4474-9e7b-4a5dc9d4b129,0.3953478450510323
7e2b766e-c06f-477a-a73f-0e290a36d338,0.39657740702902
004b32dd-3cfd-4947-8b48-ca6f7ef2f6d3,0.39780696900700774
d49d9fc3-3ac8-481e-9233-5e03655d999d,0.3990365309945458
2a2eda9e-5aca-4415-8bb4-373deca0dfac,0.40026609297253346
fd3a5cb5-26ef-4974-8644-29d0fb6719be,0.4014956549471743
e3f26f80-2a94-4d47-a1d4-98d53bbb360e,0.402725216933598
15ba5e26-adda-413f-9b1f-c82785665adb,0.40395477891073406
fb2b271c-3570-45e6-a887-a5cbe674f998,0.4051843408971577
69cfb5d5-771f-4bea-93e1-9121c7e06eaf,0.4064139028743001
c4940738-e6e8-488a-8de9-c60b452c8732,0.40764346485130853
892819ac-262f-41b2-984c-6146596261c2,0.40887302683781246
aaf39f4a-2f72-4571-b040-b8556bef212d,0.4101496636007072
99fe8b13-8635-46d4-bd6d-aaf25b1cc9b2,0.411426300354052
47eb3641-2618-4f3a-aced-f4e73849bcb4,0.4127029371191046
5f287b96-c33c-491f-bd12-63f2b6ee945e,0.41397957387844186
c8f3d7a0-40da-4524-a820-ebaa66999486,0.4152562106283568
5ce45f4b-2cdf-435f-b402-573ca7403af3,0.4165328473878286
38614809-09ea-43d8-8b85-c06f545ef4c7,0.41780948415151675
b12ae0f3-f748-4fa2-a000-8a2117021edb,0.41902292169811683
d2d44027-d010-467f-a2d9-df31a83ae30a,0.4202363592351667
766284df-0e76-4b2b-9cd0-4e9593515a3f,0.4214497967817662
03dbaf9c-21ad-4035-8ca1-6c7aa1e72464,0.42266323431186376
a2163142-a8fc-4091-9800-ae39aff3ec1d,0.42387667185280237
8121235f-b71b-483b-8156-218ed5b68b7b,0.4128074056541728
8d0d941a-95a2-440a-8323-4da4ee52f144,0.4142977795259316
57f4798b-f114-49b5-8910-5b01c37ee922,0.4157881533882746
bdfef312-9740-46a6-98b3-a72ccb94386c,0.41727852726016745
0c49a41c-226a-4e74-a097-5db12cc7b10a,0.4186333195920383
fb6d5800-7e0f-46f1-9441-65aafc038e75,0.4199881119203593
489ba4eb-c3d5-4373-a751-91f3c410dd4f,0.4213429042579528
4453aa0f-0235-443c-9d74-8d0be2996f2e,0.42269769657587813
b2b38015-710d-4db9-9a31-e5859bb29ff6,0.42405248890315395
f43abb9c-1020-4288-9a64-e39824086964,0.42540728123984506
cddd7d19-5c49-4b60-b095-b705c7b98783,0.42676207356712087
3571d3a4-5db9-40bb-ae4f-7104a145f541,0.42817893432756876
0ded7ac5-478c-4989-afcf-76f9119b9397,0.42959579509160944
7d072ec3-7aed-4414-b9ad-39fb882d9037,0.43101265585551507
d2fa5a88-794d-46bf-9d1b-d818ffed5ee3,0.43242951661954965
0316845f-63c4-4318-8f8c-271d564d11ff,0.43384637738060033
e0fcbc1e-c5df-4920-920f-963643db32a2,0.4352632381408434
9c6df8ca-b1a8-4a30-b312-fc27294d163c,0.4366800989010928
372723b9-7b62-453e-b38a-3c35764a2d27,0.43809695966437073
f7ffd314-5e43-4a59-8b00-35ee0b6140de,0.43939186801234786
327f1151-b704-40c7-9748-1395ea0d3b83,0.44068677636018994
c1e350d5-858d-4197-820f-9c910ec59535,0.44198168470802546
677cfec3-7da8-4a47-98e8-190a5229d63d,0.4432765930560026
172838d3-0b31-4ffb-a62f-1dbc2e1aa916,0.44457150139442897
0785bb41-7aec-4729-8c47-c57ba6c80068,0.44586640974399167
67fd2fbe-f604-44c7-9415-be333d1cdf82,0.44716131809003307
6fb704e5-e146-419c-a898-eb19e58879af,0.4484562264366983
2b3e98ed-f84a-4511-998a-6f6b8138170f,0.44968603159902815
7cdd5db9-4eb8-47a1-9567-9f61dc2c1f05,0.45091583676149255
4a465554-df1b-4f2c-a7c7-670e868511dd,0.4521456419238224
eab6ce7c-b919-49c2-9b54-e2741f8eabc7,0.4533754471038994
57975d4e-d1d6-40d5-b4de-705f4f23faf6,0.4546052522689471
52a1d8ac-73f5-499e-bbb7-c540ceeeb866,0.4558350574244446
60f5ac8d-31f1-4449-902e-c13b560fdd6b,0.4570648625894992
7610097f-bc11-4dc4-b993-b239a29af5a4,0.4582946677544124
15a5d9fd-089f-41de-afb0-20fedda256a9,0.4595244729194597
b02517ea-da27-4cea-9961-0104e301d48e,0.46087517836993
75254152-4bc3-41b6-a785-e1e96106d148,0.46222588381865803
1e1d0b1b-7072-4ca7-b0ef-71fa61a62a7c,0.4635765892665193
7a41fa5e-4353-454b-b59d-46d63617adff,0.46492729473027516
59b09142-a2a1-457f-9b05-a25d6bfa85d2,0.4662780001844732
a06b3693-3f32-4303-9c30-340324840e8e,0.4676287056388057
03e796b5-ebd8-4460-9655-179ea901fed1,0.46897941109301067
7d002f17-a589-420b-816e-7c6643aa448d,0.47033011655662443
e90b163f-68dd-4267-a8de-0d3c7438831b,0.47168082201095696
efd04b71-28c4-4b8a-92a4-13b6f5e051a8,0.47303152746515553
d2174ed7-9e4f-4692-be19-62a0d4607d71,0.4742673871082284
cc93753c-c01d-4752-86c7-72e791d2fe05,0.4755032466885362
7305f06b-5763-4286-8903-0d84cd95dd05,0.47673910627826
3f509986-bdb7-4349-a5e4-12fd1069bd31,0.47797496586798377
6ee312ce-aa33-49d6-9897-d39dfde7feee,0.4792108254482915
540cb327-a39a-4b41-9fa6-a6b48c4ecdf3,0.4804466850380153
e7e10050-78e2-4b4c-8a2d-c03d07304c13,0.48168254461832316
a2eb8a14-9cae-4675-9886-5ec33b331dcd,0.48291840420804877
dbf7f6ea-4e57-410c-9081-916a88b58a6d,0.4841542637883565
debc3914-b00a-4bd5-ae76-6b2e24ca130f,0.48539012337821485
f0d443cf-054b-4d48-931a-867ab0c1eaef,0.48662598295838816
25386037-7f63-4583-886a-f89bc2c452ed,0.48786184254824644
20b502bf-26f1-4d2c-8367-c9702b7eeccf,0.48912533553774
37ba7d6a-1215-4bcf-b133-f32aff8abbe4,0.4903888285248726
9eaebb85-529c-4849-9862-83d32b0407a1,0.49165232151200305
a6a122ac-62be-44eb-a676-9be7911c32f6,0.49291581449926813
cf811752-8100-455d-9fa0-a8908e862bff,0.4941793074958147
426528d5-a563-4b38-98fd-676297346ad1,0.49544280048294514
4d22f703-2780-45de-aa34-fae8f6ef2909,0.4967062934702122
0a5b819b-cca2-4441-add9-716d70ad8c27,0.49796978644664647
0bf2fa50-dc7f-4c50-b917-11b1c36b5ba1,0.4992332794378146
5d23aa50-36e3-4172-aa12-059b60060b37,0.5003873069532372
4c6a9441-571c-433e-86d1-14f28d98e55e,0.5015413344833374
5be03fa4-2933-4e06-a28d-502e2142af94,0.502695362003887
1f2eb000-a1e3-4e5a-8bc5-ac9e7834c933,0.5038493895338505
f7a9ca22-4b19-4fa8-b243-1fb55445c138,0.5050034170544
adf7fe93-47fd-46b1-9324-732e4abda92c,0.5061574445845003
b715ec64-e42d-42b7-b3c5-e3cdcdfbe007,0.5073114721050477
57198833-c7c9-4b5d-8b45-e7813b2c51e5,0.5084654996337283
09419f9e-2ec4-48d6-9067-80ca4c2d41c3,0.5096195271535708
f86fc4e6-7909-48c5-89bb-d0760289d410,0.5107735546828297
19f43aa5-df31-41d8-afb8-435ea9bf165f,0.5119275822026722
9e74dcc8-ad68-48ab-9519-f5ad08164922,0.5130816097319308
b955adcd-7bcc-4b62-9f29-0ea591d49855,0.5142356372613225
9e0735c5-c1d7-438d-ac17-3a5a908357c5,0.5153896647810305
c4db86b4-7bed-4b71-8463-0d1584bc2e74,0.5165436923104239
7525ad04-9db5-452e-ba44-a08ad1f8bb80,0.5176977198302665
92c90aa2-adf8-407d-8e26-0262feae4470,0.518851747359525
f179b34f-b933-4be9-8e4d-810913b4f5c1,0.5200057748887837
6834a6d5-6724-4cb9-82de-f4204a3b89be,0.5211598024086248
ff6262ce-099b-4203-add9-110264b506d7,0.5223138299378833
78eabfad-8818-427e-bacb-4906c7708632,0.5234678574577262
f3fd559a-98c8-4994-b9b8-634e482e0137,0.5246218849869847
a796255b-f4aa-4eb5-bdb6-e7fa59fd4a36,0.5255912989467244
de75b03f-8307-4ba4-a0a1-b2bc8753445f,0.5265607128952956
36d9cb9c-9aa3-461f-aad4-4f0d42be1947,0.5275301268534188
cd57c021-81e7-45ea-9e71-84f1d4e476d4,0.528499540811542
31ebce35-62e5-4e44-86b7-2e3b730982bb,0.5294689547695293
3e9bca7a-1e0c-4107-b9dc-aabda462ef90,0.5304383687276524
6d7044c1-aec6-421e-919c-092efe6fde38,0.5314077826796672
e5ae854c-7cc0-4f04-bcad-c1a13124e49d,0.5323771966440898
c860fc6e-faae-481e-8f48-7cef3255a7e3,0.5333466105990965
f0c8ecc0-9acd-4066-a2e5-dce4a6b23f3e,0.5343160245541031
389a293b-795c-4143-877b-9c0ebccaf5d0,0.5352854385091097
39d6b554-462e-4c63-a35a-d8d8256768c2,0.5363656069749355
9d01faae-0afd-4adc-aaa8-6570fc0adad8,0.5374457754394607
6781b941-bf46-426c-abba-801859198c13,0.5385259439039857
d4f85d7f-0e52-4da1-acef-312435d58311,0.5396061123685109
30b8b1e6-b7c5-4a0d-9a2a-74b2749aa09f,0.540686280833036
0db9278c-4c5c-4484-8d2b-c8c80536c89d,0.541766449297561
870f858f-da87-4a16-bbb9-f66f5163caf6,0.5428466177620862
ff2012ed-a53c-4c43-9b83-e57f95435a5f,0.5439267862266114
5c347bac-77a7-450b-8466-89021a4f24f5,0.5450069546867566
08f2cb10-966a-45fb-8697-b35e388592a9,0.5460871231456604
c0c02190-22a5-409f-9845-a1349e3509a7,0.5471672916141147
fd95a8f7-dee1-4765-8b1c-11cb4a05fa84,0.548242873831405
c7bf2792-d9f5-4944-aaa8-5e15e825e498,0.5493184560421864
8cc853dd-472d-46b6-bbbd-d6f89336146b,0.5503940382623839
c41caefc-37a2-4bc7-834c-4c51afc3a3cd,0.5514696204825795
b3c41cea-af3c-47ba-aa51-5b29645956fb,0.5525452027027768
03d3b169-bce5-4558-bc38-0bce9a53dba7,0.5536207849229724
a2c0cf84-563d-41fc-95b5-0e3cad5c314d,0.5546963671431699
c256a769-79b2-4621-989a-ebe292da0a52,0.5557719493539514
e4263a21-bb30-407d-9eb1-2cd5a62f1f55,0.556847531574147
a9e6aa6d-21b0-4540-90d6-c4daac10aec1,0.5579231137928301
f204d775-224b-4d6c-acbc-9111a69740b4,0.5589986960083929
fda63e7d-9018-4bc4-b792-aed4cb2dd6b0,0.5600742782335062
87e76953-405c-4d45-baf5-84d8f1f001fe,0.561149860449069
42c19c37-8e6d-416f-bb80-2781952e7361,0.5622254426644974
e678e273-abec-440a-8d94-d5da39cd4455,0.5633010248896105
29205103-b349-40e9-bb6e-57e5235c38fe,0.5643766071051733
6c19432d-9550-47c7-8df6-541993fc4082,0.565452189320736
2f7a1852-f50e-48b0-9d5c-681fcadf2bcb,0.5665277715457149
9980c52e-7790-4d78-9d7f-15c2508861e7,0.5676033537612777
490f78fb-bfef-4dc2-8218-d924f71f072e,0.5686789359768404
5e4f3de0-b8bd-4811-9cca-da234b16f2cd,0.5697545182018192
d8c3c548-e334-495a-b930-2a6acd5f6d74,0.5708301004173819
6b1a7ccc-294a-4518-a56b-7e32becab793,0.5719133158349631
83758610-bd92-4984-95d4-84fb383bd144,0.5729965312543907
7e8ed18f-b9ac-496e-b25c-ca8a8daf7cc9,0.5740797466644038
3bb67dbd-9fe2-4650-a48e-8623f4b80fe7,0.5751629620839659
f2bedbea-fb88-4001-aa4a-d67d8996af65,0.5762461775033952
ee799478-d286-4cba-b4d2-ebaf623df9b8,0.577329392915371
7851eedb-3c68-4efa-ad47-cc2be8ed6ac3,0.578412608337556
8a459cf8-e73b-43fa-8fad-f74a1ce70826,0.5794958237503239
8f770572-94a0-4be2-a9d5-3962272e6869,0.5805790391630916
0b2c2b8e-749c-48e8-9468-50bf7fa5810a,0.5816622545852754
33d8d36f-83d6-47dd-998b-82e697224bce,0.5827454699980446
f41e631b-1556-452c-b0db-886ed9fbe296,0.583828685410145
727162ee-27f8-4ed5-8467-9dc9c0792901,0.5848598398809889
42c47bfe-68ad-483f-98ea-0769f64f4992,0.5858909943612488
b2bd675a-5c53-430b-be6d-1049ce7d5f35,0.5869221488261613
5eba49d0-546a-4a88-8c59-44d1e0285c45,0.5879533032994578
6acf5405-22b1-4ad8-8d05-fba60ee0ef63,0.5889844577726195
82d564e0-12b5-4d95-9a13-6adaddc0586d,0.5900156122459159
819baa52-e1cf-4d61-8312-1437c0a19d85,0.5910467667190809
e2c818a2-63d9-411f-bec3-fc96763dc47b,0.5920779211923773
c5c1d44f-ac4e-4af5-80ce-07426eb108d4,0.5931090756770468
56d9ccee-2d11-4ba8-9373-af26d8073c99,0.5941402301482959
7861bd66-9f6a-473c-b223-03175f9f58a8,0.5951713846194121
bcc309ae-b254-4051-8672-447e1a07d0d6,0.5962025391000789
d48c2b3b-57a0-409c-a7c5-c3220f19f579,0.5972336935713297
49b8fb56-43ae-45c8-a0a9-f6e768cf5c8c,0.5982565174463831
6837268e-d01c-47fc-90ea-7f8737c57301,0.599279341307018
b48dd531-c1af-4c69-94e7-3f687178d98e,0.6003021651772046
22145960-209b-4818-820d-b85e08db8dbd,0.6013249890473913
f4cfd36c-dcd1-4b32-86b7-83883d7e2df4,0.602347812917578
8e8834a3-9f89-426a-9c54-93bd9292395f,0.6033706367782142
aaccfd93-9486-4e91-b1bb-4c007f1c99d6,0.6043934606491953
916900bc-6a51-4e55-a848-9e8879bb2d71,0.6054162845174887
d604d075-32ec-489e-aec3-9d5a7666b793,0.6064391083857811
68763bd4-9dd1-4573-a272-ea5011d2075a,0.6074619322540745
6465cca6-e7cb-4dd8-8fe0-73ab2606131d,0.6084847561222322
dcd00776-355c-4c0e-9059-4b1fd51aaa91,0.6095075799905257
02a75040-0c70-404e-a951-914146eb24db,0.610530403858818
9d6eee89-8e23-4e82-bea5-2f800a690bdb,0.6115532277271115
7b8079ff-8edd-448c-bd86-c1efc2c97c7f,0.6127631632588747
73075226-6ea7-44e1-a529-c1fb4ea4229f,0.613973098797494
93b67f44-6477-4124-9fb2-900c92948878,0.6151830343361119
8d5de196-b4ec-4c7d-8221-cf7b7b4bbaee,0.6163929698653151
a52f23ea-6ede-4fb2-9ac4-633985c37022,0.6176029054039329
8a9b6b8d-4193-4c7f-993c-31012d02fca4,0.6188128409415982
8f3f2537-906d-4a56-8586-eb0765ac5e97,0.6199745672012484
b5f0acdd-e3da-45ef-a5f6-60b699c62b3c,0.6211362934704473
5a861611-f83f-4ff9-865c-89b898937dcf,0.6222980197300975
9667e955-3c1e-4ac1-be58-bc9b3c111020,0.6234597459897459
f5365214-61b9-4ccd-9de1-8d5767545da8,0.6246214722495306
99cb562a-5bd2-41fa-b50a-6e3a7674dd52,0.6257831985091791
ecf1cb2b-cba6-44c9-aa15-9b28f2f82191,0.6269449247783777
d9db7bef-dda3-4ddf-b2bf-7fc395196789,0.6281066510380281
7d93c8cc-1944-471a-9277-3ead7b2971ea,0.6292033198535258
e73489f4-bcdc-4924-8d9e-148312e0a3ed,0.6302999886689702
66be727d-f43c-4453-8975-a235651d8715,0.6313966574844146
6bce0583-23d7-40bb-a15d-b4bde5857fc5,0.632493326309275
39dd1c69-09a8-4110-aa05-4f61b5555f48,0.6335899951247195
25944a89-6d33-40e0-b9df-543141336c95,0.6346866639400294
b5b46f67-863f-4b7a-8f84-b189da564bab,0.635783332755472
381896c6-daa4-4af8-b3e9-8a4c74e16b52,0.6368800015709165
26ae0973-0b06-412c-afb2-c3b57972c600,0.637976670386361
c307f925-0ceb-4eab-9184-ad5e9ea964cd,0.6390733391986502
c8f3116c-69c1-4887-903b-a704a53dc3c9,0.6403382244477025
2d570e62-a161-4f43-9189-55fbcdf1b4a5,0.6416031097063112
e765fb25-9797-4fcd-8351-af266d33febe,0.6428679949553693
10279cff-7d6a-485a-927c-89d84831d93b,0.6441328802044277
633d847b-202d-4578-9bef-8f4e48d112cd,0.6453977654534805
8721983f-430f-4faa-8a8b-d0b351756767,0.6466626507120887
83b6aef5-bd13-4c59-8a1b-a4e31f5d27e5,0.6479275359611472
1930a2ac-b054-4188-95e2-a41c01bbb502,0.6491924212101996
9ee7ccb4-2bbb-4bdd-8781-688a9be6a0b6,0.6504573064593924
a15af802-eb5a-47a7-8edc-8a8ee3d7ef8d,0.6517221917178667
1674a6d2-d300-4f07-bc45-6494d13bc317,0.6529870769657211
6571e77c-8da8-4e77-af97-3e29750ed34d,0.6542334081155746
17500431-d296-4f4c-8e4d-a66722ee690e,0.6554797392652936
8a9fba89-6c32-41ee-a5b5-b794838316f7,0.6567260704151469
fa62ce20-45b3-40ac-afb6-f97827f00aaa,0.6579724015744157
01d98942-1628-4440-9ee1-5ead93388b73,0.6592187327241347
1f59cf09-0979-4862-9611-60e34642f1f3,0.6604650638739882
60012bdc-5e6e-4f92-9c6f-4603125f1dea,0.661711395023707
c2d7f54c-f531-44b7-bd99-5bebcbcd8e4e,0.6629577261735605
1dbaa39f-5da6-42a2-9ac2-7e066f125dc3,0.6642040573232735
b7025c28-efe7-4683-8f39-6920b34c00ec,0.6654503884731329
6d0157c3-4e75-490c-8510-9c5e3d83a0aa,0.6666967196273554
09b5074c-64b1-4540-8534-3ba18352edfb,0.6681298030582228
73f3faca-c35a-470a-8bf1-6baeb1ddaa60,0.6695628864985005
4a1f8195-3a33-4f2f-ab3e-a25ce224cdc4,0.6709959699293618
d534d190-b419-4f83-8707-97066d34926b,0.6724290533696451
3346b1ad-f704-4bcc-9450-90e4e84db9ae,0.6738621368005064
b902d0c1-ac52-4d2e-a38a-917063a732a3,0.6752952202409241
ab814d3b-1ad3-49f1-b770-5a841a7662ce,0.6767283036716512
20bf36fd-4608-4b01-aac2-2316ba4d126a,0.6781613871120634
3de10655-67f3-4a87-809c-1918132f2fdb,0.6795944705429307
ebca6ee2-f82c-4a58-a757-3c4e0a318b75,0.680911121570304
90fe85f9-8573-4e68-827e-1f2a296797ba,0.6822277725993042
6018ffd5-00b1-4543-92c1-9e4d34767732,0.6835444236188946
44e3b01f-1b85-4703-a59f-f6486d3f56a1,0.6848610746479012
1402b6b6-f5d5-49cb-b163-4ba7c7f84d42,0.6861777256769074
f6c10c28-7382-4d02-9558-34b068395712,0.6874943766961379
32e7f4d9-7731-4905-b971-247e22838c9f,0.6888110277189894
4875236e-4476-4e3b-915d-dd7ea7ddfc3e,0.6901276787512565
ec7a2c17-ce26-430d-8efa-402d25604084,0.6914443297710005
ddbf1ade-2814-4009-a672-90274ac44d6c,0.6927609807969675
64937c19-12ea-4a96-9e0a-a3fb6addd312,0.6940776318230637
9131f3e2-0702-43c9-8ca3-80ac0117974a,0.6953942828490255
8194aa2c-5f29-4faa-b3b7-99efaaaa1bd5,0.6967109338811556
f9fae318-3b1f-4f0c-b8cf-b34d5b8e631a,0.6980275849026155
9d42dca1-1398-4a6a-95ec-8309b75d839e,0.6799546021047852
41f4b260-8bf0-4729-ab9d-3658f0a8e006,0.6814600794593888
d088c8d4-a328-4404-8b97-4d8c09f12c28,0.6831645350752295
6efda5ea-b481-4d52-b8d8-d054d5eea22c,0.6848689906813857
32d617bf-acca-4c89-bd1c-c7b1ed752aad,0.686573446287676
016bb8c7-9dc0-461e-a4a0-16030b88043a,0.6882779018968095
d79ca51c-149d-47be-9989-f7f9b3147ca5,0.6899823575087335
4b117fb0-6309-4038-9b01-fdeda70f32b0,0.6916868131123302
7de4751d-78c6-4861-aa59-e8688860a00d,0.6933912687226722
76e550c5-e2fb-4597-b16e-b6a2a1f61ace,0.6950957243330146
daa3b94b-11ed-4963-a331-4e0abd169471,0.6968001799380309
b62ce51d-36a7-4ae3-b9d3-55304e01b1db,0.6981525663330753
79f10f6b-694a-43fe-8ea4-2ee9e3effc88,0.6995049527281199
449c023f-5c97-4401-b088-ec1a97f452db,0.7008573391266024
ab3a6491-1b47-467a-b950-ef1b051b272b,0.702209725520454
69b431ba-44cf-49c8-8281-498d6afcf366,0.7035621119238513
9da1410f-4899-48c0-8d47-d25eb9b94eed,0.704914498308891
36bbf126-a3b5-4778-b96f-0953ea6a6541,0.7062668847114514
b36b2faf-9e2e-4808-957a-2ae26cd49ff8,0.7076192711045902
a31101d5-1b75-458c-aa41-4197c295e5d0,0.7089716574977291
c96c3d0d-d752-4d07-86f8-cd8765e1518b,0.7103240438908678
22c4fd69-4b81-49ee-ba44-2e26cd1c34a5,0.711676430293704
4e5d1b98-17a4-4ce4-8a3e-e6687c3cefcf,0.7130288166856068
105b631b-2704-4510-a555-4c82c472c0a3,0.7143812030776496
e6bed3b0-cb19-48e9-a314-1db9291e0af7,0.7157335894791023
79efb2c9-a820-4fbb-a191-a73ee6fabb89,0.7170859758711451
8721259c-1434-4891-9059-4531ec30fb4e,0.7184383622630475
c1279c41-24b2-461b-b939-bf7ca16a5fbc,0.7197907486645004
3b384e09-9aa2-44e0-87db-3309b4109b0c,0.7209796608342413
dfece9da-f07f-4e30-b670-fe91f6e78f56,0.7221297795678341
641e309d-4c0c-4b41-9353-15ab17ccdbdf,0.7234430354021257
881995ce-bead-4e26-bc6c-50e0b3e1bd5e,0.7247562912364173
48385e35-2385-4d70-8d6b-8612010691b1,0.7260695470801312
7bdd2c0a-e319-48cf-b362-8696ee46bb05,0.7273828029144227
d535fcc0-14ac-4214-9b88-a562d5eeb2f3,0.7286960587485858
24f7b070-ea29-45e8-8ddc-f67003890dc8,0.7300093145922937
61723339-0826-4e47-9b48-5a22cca06eaa,0.7313225704265912
d1e8747f-1d99-4a86-862c-50dee8560a1d,0.732635826260883
afda5831-12ae-4e99-8dcb-03ff139e6e5d,0.733949082095181
f0665f8e-9b98-4306-81f9-b6e0e2fc2518,0.7352623379388884
7fed20ca-aaff-47e5-a7a1-117705ef6b01,0.7365755937731864
01e53bd3-5c0d-4995-8dd7-b59727bb1bba,0.7378888496074779
7308181d-f7c5-4d61-a640-42f811c3fddd,0.7392021054511915
99438076-dd45-4342-bf51-1bd9a7caa179,0.740515361285349
25a22756-c001-45af-ac3d-96d314437496,0.7418286171229623
b5ae8bb1-8c62-4794-957c-80d08f70667d,0.7432853815436378
4ec60bf6-e806-4fc0-8459-14c9642e8c9e,0.7447421459643186
8de67adb-4f4d-4844-a009-b7181ebd5342,0.7461989103851284
007c6bdc-3923-4876-b85d-9877a6594cf9,0.7476556747962535
707bcac0-fef0-4643-9f3f-f435e863f5c9,0.7491124392170689
bd01f98c-a927-46a0-815c-ef1db93a0aa7,0.7505692036377501
9cee5a64-0785-4825-ba56-f8f2644a2191,0.7520259680613118
601c2fd4-79e4-4c43-b3f3-fb280c11621b,0.7534827325168114
e65589d4-6d79-48df-b44e-b0591b15d63d,0.7549394969150989
8dbe1819-8f96-4ed5-94fe-c0fe3036de3b,0.7563962613679941
167a9cd2-9fdd-4658-8409-2a53dfadf030,0.7578530257871796
7126ef0a-ba5b-48ea-85da-6aabe3056c4d,0.7593097901879448
7939ce24-36e3-41fa-b48d-f9baccb415f7,0.7607665546073098
ea857428-a17b-44a4-855d-08ea15c5db69,0.7622233190214638
c0d4a25b-26c0-4a71-b55b-12f987e921b5,0.7636022089960449
12f9996d-26cf-479a-afac-b7ca82a8e1c2,0.7649810989610818
4c76e565-d200-4efc-b133-de9960e28abc,0.7663599889355284
ac55d456-4fa5-4da7-a51d-1cf5bd914c8c,0.767738878910116
6775755c-ce79-4228-914b-60cd73fd2aab,0.7691177688751468
64cb21d4-ce55-4333-afb3-e7a6704e9484,0.7704966588495994
0823e18a-c41a-43ad-89cf-425d1050a5f0,0.771875548824181
8bdb455c-3bdb-4294-977c-423ec9ca203c,0.7732544387892178
49df298b-509e-4720-9d94-be84bf854405,0.7746333287637989
3230f1d6-4744-4531-be8c-bc0049bb692a,0.7760122187382521
9c50ff72-ac4b-4a35-9863-9d11eafeae37,0.7773911087032828
46aa219e-fc9a-4b3f-98bd-385787bb5d86,0.7787699986778639
e49d8878-d0a0-4877-985a-5e1a20a1118f,0.7801488886429008
4bd5d886-c400-4629-825f-1c693930f867,0.7815277786173539
01013dc8-b4dd-4664-ad5c-99915d0a1ff9,0.78290666858898
36d31ca8-42b8-4367-bfcb-6f394f108f2f,0.7843768938224198
dac4a9e2-74df-4876-807e-cba25f4d11f8,0.78584711905586
f5298e5c-74ce-49c6-bc78-ae740f15b604,0.7873173442962834
926b107d-3eb7-4cd1-adee-e67df34175de,0.7887875695313424
9e46cc2c-7eda-45fe-ba3a-72bd67592dee,0.790257794766261
542b6798-9ba3-46f4-83a0-7cd0854a0ca8,0.7917280200011857
8a3e64e0-278d-41d5-9a21-e017b4555c5a,0.7931982452362387
928affdd-1ec8-4ee6-a288-26aa77da2cbd,0.7946684704711573
30599290-c06f-45b3-a171-9c17758f7bd1,0.7961386957060819
59fead57-3f28-4d33-b566-8647ccc73cb1,0.797608920941135
1781876e-f5a1-4ade-ab1f-9773f873b4a9,0.7990791461760595
48bed16c-6395-4fc2-b61f-8a05c8d57a52,0.8005493714109782
6fb2580e-4008-4f78-9494-4824f28f5092,0.8020195966460373
f03f38a6-2ec3-48cc-b3b6-47ef8d12d752,0.8034898218809557
5e9f642c-8033-4acb-9771-fc552fc8268b,0.8049664296380213
8b0dee74-91f5-4d1f-a8de-8482b6a12e8f,0.8064430374007316
1655abca-e265-4aaf-ade7-060787b52093,0.8079196451729945
5bc8f5cd-7cc6-4c24-aa4d-347e5eefd04f,0.8093962529357048
19a5fd0a-bc50-42bc-a9fe-1ae626f0972e,0.8108728606985495
8e5e6863-b1d3-4080-83b4-72373a49eabf,0.8123494684708104
29974873-c530-46fb-8a91-0a510c7b38fb,0.8138260762335227
43fa6b0b-6925-41e8-96f0-c5eb2e34d4ce,0.8153026840057835
93eefb8c-dbbb-45c5-ae1c-de8e29b34403,0.8167792917686282
d5142b37-efb4-4352-90e9-6cd83d37420e,0.8182558995408912
27e0576f-5617-4417-9b82-79bb4f2a9e64,0.8197325073036015
99465558-4efa-4bd0-8350-7a1092bf3898,0.8212091150758623
aa050242-d3c0-4e59-8e78-85c189fa1e74,0.8226857228387091
a2b39e0d-3f84-4333-98f7-f7fb4af9257a,0.8241141141565373
a9b71e93-0483-4718-86dd-c1e86fe58f64,0.8257452924301051
2514e281-c885-446c-aec4-375d3383d942,0.8274341938045052
361b0982-0087-4764-bd69-797b6f819205,0.829123095179038
f340665c-e6e0-473d-9b91-ac873905787e,0.8308119965534362
c0a32559-6b28-4ff9-b301-9a3638c19fae,0.8325008979278345
62844119-53b6-45cd-97c2-403aa396184c,0.8341897993022327
05a94854-e9c2-4abb-b69e-83aa05cd0c2d,0.8358787006766311
06d4d400-bbeb-415b-9a3e-6a11ee30265a,0.8375676020510292
88e2be9a-8031-455f-9876-56267df8f2f5,0.8389165729221105
3470408b-ce3b-41c8-bb2a-6e9c0a06428c,0.8402655437895594
166e5a8e-6e74-4aea-b3a4-429460abe932,0.841614514656877
0e893090-0199-469b-951c-ddd20aa414e1,0.8429634855147755
c434e175-d730-4a0e-bd29-24aa981151b7,0.8443124563822245
062122cd-f23d-4dc4-87d3-9bae3e69dc56,0.8456614272495419
df0c346c-2131-44e0-a9ee-826730123ed1,0.847010398116991
e0d5d631-91f0-4104-b070-e330db9c1efb,0.8483593689843053
79f7d70d-54d6-4bf1-bfae-9ae994b769a0,0.84970833985162
cf6ad0d6-7d17-43c9-8a92-5dd11fb34411,0.8512054240708936
b5c44294-2b41-408e-b98d-25ff608cc3c6,0.8527025082998364
d655c929-7f18-405e-b552-46a36f67a6b9,0.8541995925289119
4021e6c0-16ce-4475-b7bf-394d6ab5d4cf,0.855696676757853
d55ffa82-b5f6-4f4a-b108-3f93d1095c05,0.8571937609867957
1fb393fd-95f3-4b41-912a-6e35cc853d97,0.8586908452158712
960d0b3e-a687-4c83-974e-a1baa19df1cf,0.8601879294448123
79a5b53f-4075-41d2-9c38-16400c9cd6fb,0.8616850136652692
ca829de6-ad98-4ee3-adaf-6127e012e676,0.8634939531295528
a4498004-e08d-47c5-a876-4f652c5c4c3f,0.865302892593702
3f9553b2-374f-45aa-9643-57092287c422,0.8671118320579828
5734bea2-2dd6-4a3b-b22b-62d7bf4e14a0,0.868920771512716
276d44f1-2b10-4e01-bb72-215b69594a40,0.8707297109767596
ccd46289-ef93-4fed-957a-5bfadc9e9ce8,0.8722820370615192
6e6c86a7-12b7-4a6e-9c09-ad80c6da4a83,0.8738343631462792
4a7201bc-1bda-42ef-a66c-39cd0dbcaa7b,0.8753866892309043
8d3e7953-ccac-40d1-b773-59fb60d8b7a1,0.876939015315664
cfc636c5-3395-4fb2-b809-d92575dee406,0.8784913414004238
f01ef7e0-c36a-47f3-be54-9ef7e778e91b,0.8800436674851811
2d1c3bd4-6214-4fea-beac-f1dc53199e3a,0.8815959935698063
186dc0d2-079a-4375-bd10-7b6a16958873,0.8831483196545662
92426177-0107-460f-85c9-5dd5cf65be79,0.8847006457299099
b35a780f-21d0-4a89-a17f-df7d1d4cd7b2,0.8860907929046776
56be4603-f81f-417e-9e4c-57939b3bc254,0.8874545671686497
c80e7af7-b241-48ae-b708-abd0d9ab6806,0.888981418108645
b0b6ec9c-8f55-433e-9f5c-144bcd0f307f,0.8905082690390926
c3c12be0-14f3-4969-a292-5c5028159b29,0.8920351199789536
498d0f0d-a60c-4eb6-9ecd-ffce80a97afd,0.893561970918949
7ab9bfc5-6952-499b-b11c-68190c49d0a5,0.8950888218493939
dd59344c-8a57-4123-8df1-82204d3e9689,0.8964646699283838
574a7fba-3635-4118-9c47-269f8d263957,0.8980978688869232
b454a587-dca3-4907-a9e6-0e77f11eaf92,0.8998820359364349
b115ff40-b87d-41c3-9f8b-3e5ca0fc7a85,0.9016662029859465
9c704e4c-3249-4e80-9a2d-00feab961b9a,0.9034503700354579
e3b36f5f-d0f4-4908-925d-0dd999f859b1,0.9052345370848349
05b694eb-9918-4534-94a9-6892a39d2355,0.906829439419556
bed1064f-5b6e-44a0-8244-1b482212358d,0.908445806530766
07613dac-e0a9-4da6-ac05-5a4d8effb0b8,0.9102511266222219
e86958a7-fc18-48f5-b6ed-cbc089b933af,0.9120564467230902
0e9a511b-0041-48ec-b127-842e812331a0,0.913861766823962
33612a73-6aea-4ac0-9331-499140597581,0.9156670869152796
9129bdb2-f85b-47d2-b0f4-fa902cc18874,0.9172092714085976
70087098-d4b4-4301-89ee-6cc6814a218f,0.9187922538398445
bd703edf-c8c0-4a40-ac48-af91f15f97d7,0.9206489771077966
57fe8f59-88c5-49e4-8819-6c37bc765617,0.9225057003757485
2fe87979-a196-4435-bb8f-11d94cafe165,0.9243624236437009
ab9320cc-f4e2-4462-8a25-f1b91aeccd25,0.9262191469021024
5f36d5cf-77e7-4cca-b59b-6423d8750248,0.9276826804853114
ed9dbac0-f2f2-4fc9-995f-68196b669a93,0.9289655894735617
fa6c9721-43d7-4ca3-b440-e634c36a75b1,0.9306421225419126
739aa92e-a962-40bb-bee3-1b8cd1cef402,0.9323186556104003
2f56b841-2596-439f-bafb-ff6a7e3f87b6,0.9339951886787536
a88d5259-ae80-4381-bb56-073b4c927a13,0.9356717217472388
d39c9683-6731-4e17-a53f-990cc984ae6d,0.9373482548155923
668d3bbc-2074-487e-b00b-df9e7356a086,0.9390247878839701
14a9704a-cec4-41c7-b1b2-7585bf13f85f,0.940701320949017
4fe53a93-0314-4a44-b7bc-9bb532ed31b4,0.9423778540139256
3a698635-86d6-45a9-aaec-42a5c4ed3ed9,0.9440543870883885
ddcbcef3-38f2-49f6-aa26-d01423d82a77,0.9457309201532974
948953ca-10a8-4b1b-bf98-64b5000a59ef,0.9474074532182095
4a557bb2-c7df-4ef4-adf6-7e7d037c32e7,0.949083986276294
4baa8458-a82f-41d3-b524-235e34e1a676,0.9507605193507137
3cf23ba4-491a-4b9b-a299-92498a815588,0.9524370524155806
a5ad306b-205b-4d39-aef4-d0328bb50762,0.9541135854805848
d2f507bd-e196-4c2c-8421-b5e12fb00337,0.9557901185454517
fe1deac3-450e-4a79-a261-9d062a6a66f7,0.9574666516198717
35d00dd8-e519-4cf4-9b66-e1470213d477,0.9591431846871192
aa6523d6-9e2a-421a-9d58-e4c71bf3c88e,0.9608197177523798
aeed22f9-667d-4480-9d7b-084144db8789,0.9624962508176402
601c69e7-2102-4da5-886d-75aca3ee6e3e,0.9641727838829043
e601fbe5-0fbd-4961-ae84-d022d6ff0a5f,0.9658493169575805
4aec7807-9217-41ea-aebe-76aeb0df72b9,0.9675258500229753
4b99af20-674b-480a-810f-9dad5abb25c8,0.9689809005992103
c4bb063a-ee3b-4022-ad70-0dca30549c92,0.9701221137520839
ee29bf5e-c807-4be1-9204-a3e17e0f1152,0.9714843715652182
6340cfd5-97a9-4ae7-b550-1233acd9388d,0.9728466293783501
0fec0464-32a6-4d23-95f5-a525d2aad6a2,0.9742088871914844
cd6e6865-4f25-4187-a7c8-2783d57e0ffa,0.9755711450044817
919efdc4-e4aa-4e94-ad08-f07e9e4405e3,0.9769334028176159
ff9d4242-9587-43d9-a70e-953cdf9bbe2d,0.9782956606307499
ece3bb56-e0ad-4b67-830c-0dc2229261be,0.9796579184437475
e0698c6c-6af5-4374-900a-2637ecd6c1db,0.9810201762568815
edec62ef-1ee4-441c-bc7d-bb37236ab5e9,0.9823824340700157
474a2545-7952-4c7a-add3-09fc24c6f4a5,0.9837446918831476
f442ae83-8a29-42bb-82a9-d92e627dc3c9,0.9851069496961473
3d577c56-e18a-4616-af12-e17388825272,0.9864692075092815
9d90bcdf-5921-4669-a21f-9ba536bf065b,0.9878314653224135
db4f8e76-bfe0-4eff-886b-e6ff57eca458,0.989193723135413
e5512870-df61-48eb-913e-e287b57b43c6,0.9903570304945291
a3087e04-ea39-4dc4-822b-2d8c7ab95c6e,0.991520337848725
277adc8f-5eb6-4dc9-a6d5-9e94a5850540,0.9926836452124717
fc964dfa-a5bb-44d4-a5bf-3c496c53b5ed,0.9938469525666677
dbd69fb3-e65a-44fa-bafc-cefcdd0cfeb9,0.9950102599304117
4e8d4615-66e2-48d6-9568-2e0420ec1e79,0.9961735672846077
f4f7701a-b829-4542-8e21-fb9924a53a5a,0.9973368746389382
fc85ad0a-fde9-4f12-bd9e-b45d205178f4,0.9985001820025504
89f04175-616e-4997-a064-0f6f961374be,0.9996634893568783
f8f75c9d-5057-4e66-9fc9-942e233ac5c7,1.0
df041513-c847-448e-afb9-e99124fb9034,0.9888721027987862
412021ba-9358-4998-9264-0984b7c83b49,0.990163579775865
1cbe4de5-48e0-40c5-8dc3-9b742e85aeb1,0.9914550567545984
db44aff6-8697-4699-93af-14c4ea1f5a50,0.9927465337333293
dfd846b6-81e6-490c-bb38-07f9576fdf6a,0.9940380107214761
34f30f83-faaf-4b7f-8e08-52e28b563a57,0.9953294877002095
54247bde-6145-4861-b47b-bbca0d8c7959,0.9966209646789403
77708d58-bfd9-4639-9734-8d1dae3c9ceb,0.9979124416575368
127d3350-9d2e-409e-998b-322433a577f4,0.9992039186362675
4888f10e-7d89-4495-9996-bbd4a7397ff5,1.0
