filename,index
2012m2_ref33_oy0_FL3059245,0.7209815906187917
2012m2_ref33_oy0_FL3059626,0.3083001812572619
2012m2_ref33_oy0_FL3064258,0.0
2012m2_ref33_oy0_FL3064259,0.00016336189310788276
2012m2_ref33_oy0_FL3064261,0.0013543760320452688
2012m2_ref33_oy0_FL3064262,0.0024423003460997024
2012m2_ref33_oy0_FL3064263,0.0035302244943889428
2012m2_ref33_oy0_FL3064264,0.004618149107433195
2012m2_ref33_oy0_FL3064265,0.0057060732609478726
2012m2_ref33_oy0_FL3064266,0.006793997404915119
2012m2_ref33_oy0_FL3064267,0.007881921558295327
2012m2_ref33_oy0_FL3064268,0.008864740980145383
2012m2_ref33_oy0_FL3064269,0.00984756057765931
2012m2_ref33_oy0_FL3064270,0.010830380184588956
2012m2_ref33_oy0_FL3064271,0.011813199782110238
2012m2_ref33_oy0_FL3064272,0.012796019344306936
2012m2_ref33_oy0_FL3064273,0.013778838948283887
2012m2_ref33_oy0_FL3064274,0.014761658542846728
2012m2_ref33_oy0_FL3064275,0.015744478146823677
2012m2_ref33_oy0_FL3064276,0.01672729775080063
2012m2_ref33_oy0_FL3064277,0.01771011735477758
2012m2_ref33_oy0_FL3064278,0.018692936766220268
2012m2_ref33_oy0_FL3064279,0.01967575636790434
2012m2_ref33_oy0_FL3064280,0.020658575969433473
2012m2_ref33_oy0_FL3064281,0.021641395571095626
2012m2_ref33_oy0_FL3064282,0.022624215172645224
2012m2_ref33_oy0_FL3064283,0.023607034774308835
2012m2_ref33_oy0_FL3064284,0.02458985443341481
2012m2_ref33_oy0_FL3064285,0.025666514029713944
2012m2_ref33_oy0_FL3064286,0.02674317362586956
2012m2_ref33_oy0_FL3064287,0.027819833222168695
2012m2_ref33_oy0_FL3064288,0.02889649281832431
2012m2_ref33_oy0_FL3064289,0.029973152391203694
2012m2_ref33_oy0_FL3064290,0.031049811987098573
2012m2_ref33_oy0_FL3064291,0.03212647158299345
2012m2_ref33_oy0_FL3064292,0.03320313117890517
2012m2_ref33_oy0_FL3064293,0.03427979077466555
2012m2_ref33_oy0_FL3064294,0.035356450370577275
2012m2_ref33_oy0_FL3064295,0.0363373754994719
2012m2_ref33_oy0_FL3064296,0.03731830076158931
2012m2_ref33_oy0_FL3064297,0.03829922601414696
2012m2_ref33_oy0_FL3064298,0.03928015127612987
2012m2_ref33_oy0_FL3064299,0.04026107652883108
2012m2_ref33_oy0_FL3064300,0.0412420018111864
2012m2_ref33_oy0_FL3064301,0.04222292706305619
2012m2_ref33_oy0_FL3064302,0.04320385232447299
2012m2_ref33_oy0_FL3064303,0.04418477757634278
2012m2_ref33_oy0_FL3064304,0.04516570291452394
2012m2_ref33_oy0_FL3064305,0.046146628170099395
2012m2_ref33_oy0_FL3064306,0.04712755342581226
2012m2_ref33_oy0_FL3064307,0.048108478681387706
2012m2_ref33_oy0_FL3064308,0.049089403937100574
2012m2_ref33_oy0_FL3064309,0.05007032920222941
2012m2_ref33_oy0_FL3064310,0.051051254457804854
2012m2_ref33_oy0_FL3064311,0.05203217971351772
2012m2_ref33_oy0_FL3064312,0.05301310496909318
2012m2_ref33_oy0_FL3064313,0.053994030241738614
2012m2_ref33_oy0_FL3064314,0.05509444734162906
2012m2_ref33_oy0_FL3064315,0.056194864421059434
2012m2_ref33_oy0_FL3064316,0.057295281509900875
2012m2_ref33_oy0_FL3064317,0.0583956985893309
2012m2_ref33_oy0_FL3064318,0.05949611566875645
2012m2_ref33_oy0_FL3064319,0.06059653266497454
2012m2_ref33_oy0_FL3064320,0.06169694974945393
2012m2_ref33_oy0_FL3064321,0.06279736683406843
2012m2_ref33_oy0_FL3064322,0.06389778391854842
2012m2_ref33_oy0_FL3064323,0.06492352119774832
2012m2_ref33_oy0_FL3064324,0.06594925846772214
2012m2_ref33_oy0_FL3064325,0.06697499574697208
2012m2_ref33_oy0_FL3064326,0.06800073301694588
2012m2_ref33_oy0_FL3064327,0.06902647028677959
2012m2_ref33_oy0_FL3064328,0.0700522075566189
2012m2_ref33_oy0_FL3064329,0.07107794482659271
2012m2_ref33_oy0_FL3064330,0.07210368210584227
2012m2_ref33_oy0_FL3064331,0.07312941937581609
2012m2_ref33_oy0_FL3064332,0.0741551566456554
2012m2_ref33_oy0_FL3064333,0.07521797426384232
2012m2_ref33_oy0_FL3064334,0.07628079194220722
2012m2_ref33_oy0_FL3064335,0.07734360961115677
2012m2_ref33_oy0_FL3064336,0.07840642728011674
2012m2_ref33_oy0_FL3064337,0.07946924495848162
2012m2_ref33_oy0_FL3064338,0.08053206262743116
2012m2_ref33_oy0_FL3064339,0.08159488029625664
2012m2_ref33_oy0_FL3064340,0.08265769689491806
2012m2_ref33_oy0_FL3064341,0.08372051390289947
2012m2_ref33_oy0_FL3064342,0.08478332939824844
2012m2_ref33_oy0_FL3064343,0.08585566281014076
2012m2_ref33_oy0_FL3064344,0.08677509167601224
2012m2_ref33_oy0_FL3064345,0.08770565087913278
2012m2_ref33_oy0_FL3064346,0.08862743862224258
2012m2_ref33_oy0_FL3064347,0.08957305677136405
2012m2_ref33_oy0_FL3064348,0.09049269429993198
2012m2_ref33_oy0_FL3064349,0.09141767297648551
2012m2_ref33_oy0_FL3064350,0.09233419167884982
2012m2_ref33_oy0_FL3064351,0.09325099041508503
2012m2_ref33_oy0_FL3064352,0.0941684448658068
2012m2_ref33_oy0_FL3064353,0.09511304550024766
2012m2_ref33_oy0_FL3064354,0.09603417744984352
2012m2_ref33_oy0_FL3064355,0.09695530939898296
2012m2_ref33_oy0_FL3064356,0.0979117962940244
2012m2_ref33_oy0_FL3064357,0.09883077707281783
2012m2_ref33_oy0_FL3064358,0.09974975786030915
2012m2_ref33_oy0_FL3064359,0.10071338766201528
2012m2_ref33_oy0_FL3064360,0.10166931626549383
2012m2_ref33_oy0_FL3064361,0.10262524487785173
2012m2_ref33_oy0_FL3064362,0.10364795627857908
2012m2_ref33_oy0_FL3064363,0.10460448034658466
2012m2_ref33_oy0_FL3064364,0.10556100441487028
2012m2_ref33_oy0_FL3064365,0.10649173095568448
2012m2_ref33_oy0_FL3064366,0.10744956394700889
2012m2_ref33_oy0_FL3064367,0.10840739693802783
2012m2_ref33_oy0_FL3064368,0.10934705725140907
2012m2_ref33_oy0_FL3064369,0.11030444250668718
2012m2_ref33_oy0_FL3064370,0.11126168049606111
2012m2_ref33_oy0_FL3064371,0.1122184246631899
2012m2_ref33_oy0_FL3064372,0.11317516883019302
2012m2_ref33_oy0_FL3064373,0.1141319129973218
2012m2_ref33_oy0_FL3064374,0.1150622085864546
2012m2_ref33_oy0_FL3064375,0.11601989870322535
2012m2_ref33_oy0_FL3064376,0.11697758882011837
2012m2_ref33_oy0_FL3064377,0.11793527894557107
2012m2_ref33_oy0_FL3064378,0.11889296906194947
2012m2_ref33_oy0_FL3064379,0.11985070009402929
2012m2_ref33_oy0_FL3064380,0.1208084360630618
2012m2_ref33_oy0_FL3064381,0.12176617203209429
2012m2_ref33_oy0_FL3064382,0.1227239079928372
2012m2_ref33_oy0_FL3064383,0.12368040223608226
2012m2_ref33_oy0_FL3064384,0.12456043863979517
2012m2_ref33_oy0_FL3064385,0.1254552739510743
2012m2_ref33_oy0_FL3064386,0.12635014762325633
2012m2_ref33_oy0_FL3064387,0.12724502129546816
2012m2_ref33_oy0_FL3064388,0.12813989496767997
2012m2_ref33_oy0_FL3064389,0.12903346675667168
2012m2_ref33_oy0_FL3064390,0.12992351304505229
2012m2_ref33_oy0_FL3064391,0.13085828648152012
2012m2_ref33_oy0_FL3064392,0.13171858601638575
2012m2_ref33_oy0_FL3064393,0.13261227924413427
2012m2_ref33_oy0_FL3064394,0.13350717120120023
2012m2_ref33_oy0_FL3064395,0.13440206314965128
2012m2_ref33_oy0_FL3064396,0.13529695510668133
2012m2_ref33_oy0_FL3064397,0.13619184706363355
2012m2_ref33_oy0_FL3064398,0.1370867390120846
2012m2_ref33_oy0_FL3064399,0.13798163096911467
2012m2_ref33_oy0_FL3064400,0.13900459766069953
2012m2_ref33_oy0_FL3064401,0.1400275644357747
2012m2_ref33_oy0_FL3064402,0.14105053121125694
2012m2_ref33_oy0_FL3064403,0.1420734979863321
2012m2_ref33_oy0_FL3064404,0.14309646476192653
2012m2_ref33_oy0_FL3064405,0.1441194315368895
2012m2_ref33_oy0_FL3064406,0.14514239838474993
2012m2_ref33_oy0_FL3064407,0.14616536516070303
2012m2_ref33_oy0_FL3064408,0.14718833193654282
2012m2_ref33_oy0_FL3064409,0.1482112987118747
2012m2_ref33_oy0_FL3064410,0.14923426548771448
2012m2_ref33_oy0_FL3064411,0.15025723226366755
2012m2_ref33_oy0_FL3064412,0.15128019903950737
2012m2_ref33_oy0_FL3064413,0.1523031658153472
2012m2_ref33_oy0_FL3064414,0.15332613259130026
2012m2_ref33_oy0_FL3064415,0.15434909936663213
2012m2_ref33_oy0_FL3064416,0.15537206614247195
2012m2_ref33_oy0_FL3064417,0.15639503291831175
2012m2_ref33_oy0_FL3064418,0.15741799969426482
2012m2_ref33_oy0_FL3064419,0.1584409664701046
2012m2_ref33_oy0_FL3064420,0.1594639332454002
2012m2_ref33_oy0_FL3064421,0.16043041798067548
2012m2_ref33_oy0_FL3064422,0.16139690224240447
2012m2_ref33_oy0_FL3064423,0.16236338631566002
2012m2_ref33_oy0_FL3064424,0.16332987038918034
2012m2_ref33_oy0_FL3064425,0.16429635446245358
2012m2_ref33_oy0_FL3064426,0.1652628385359739
2012m2_ref33_oy0_FL3064427,0.1662293226092471
2012m2_ref33_oy0_FL3064428,0.16719580686125868
2012m2_ref33_oy0_FL3064429,0.16816229093613308
2012m2_ref33_oy0_FL3064430,0.1691287750017381
2012m2_ref33_oy0_FL3064431,0.17009525907648174
2012m2_ref33_oy0_FL3064432,0.17106174312777248
2012m2_ref33_oy0_FL3064433,0.17202822728627828
2012m2_ref33_oy0_FL3064434,0.17299471136041777
2012m2_ref33_oy0_FL3064435,0.17396119543455726
2012m2_ref33_oy0_FL3064436,0.17492767950871105
2012m2_ref33_oy0_FL3064437,0.17589416358285057
2012m2_ref33_oy0_FL3064438,0.17705428032571352
2012m2_ref33_oy0_FL3064439,0.1782143970365377
2012m2_ref33_oy0_FL3064440,0.17937451374756658
2012m2_ref33_oy0_FL3064441,0.1805346304585955
2012m2_ref33_oy0_FL3064442,0.1816947471694931
2012m2_ref33_oy0_FL3064443,0.18285486388031727
2012m2_ref33_oy0_FL3064444,0.18401498059136082
2012m2_ref33_oy0_FL3064445,0.18517509732383336
2012m2_ref33_oy0_FL3064451,0.1599153115744864
2012m2_ref33_oy0_FL3064452,0.1609994889201964
2012m2_ref33_oy0_FL3064453,0.16208366572613556
2012m2_ref33_oy0_FL3064454,0.1631678427066812
2012m2_ref33_oy0_FL3064455,0.16425201968709705
2012m2_ref33_oy0_FL3064456,0.1653361966676427
2012m2_ref33_oy0_FL3064457,0.1664203736481884
2012m2_ref33_oy0_FL3064458,0.16750455081571486
2012m2_ref33_oy0_FL3064459,0.16858872779143347
2012m2_ref33_oy0_FL3064460,0.16967290477608601
2012m2_ref33_oy0_FL3064461,0.17075708173091161
2012m2_ref33_oy0_FL3064462,0.17184125871180736
2012m2_ref33_oy0_FL3064463,0.17292543577851496
2012m2_ref33_oy0_FL3064464,0.17400961276516128
2012m2_ref33_oy0_FL3064465,0.17509378974267453
2012m2_ref33_oy0_FL3064466,0.17617796672967592
2012m2_ref33_oy0_FL3064467,0.17719740704443784
2012m2_ref33_oy0_FL3064468,0.17821684732034818
2012m2_ref33_oy0_FL3064469,0.17923628760550803
2012m2_ref33_oy0_FL3064470,0.1802557278904631
2012m2_ref33_oy0_FL3064471,0.18127516817576886
2012m2_ref33_oy0_FL3064472,0.1822946084609287
2012m2_ref33_oy0_FL3064473,0.18331404874601506
2012m2_ref33_oy0_FL3064474,0.18433348905084188
2012m2_ref33_oy0_FL3064475,0.1853529293343924
2012m2_ref33_oy0_FL3064476,0.18637236961815173
2012m2_ref33_oy0_FL3064477,0.1873918099018962
2012m2_ref33_oy0_FL3064478,0.1884112501854467
2012m2_ref33_oy0_FL3064479,0.18943069046920605
2012m2_ref33_oy0_FL3064480,0.19045013075275657
2012m2_ref33_oy0_FL3064481,0.19146957099609105
2012m2_ref33_oy0_FL3064482,0.19248901128035556
2012m2_ref33_oy0_FL3064483,0.1935084515649646
2012m2_ref33_oy0_FL3064484,0.19452789184955835
2012m2_ref33_oy0_FL3064485,0.19554733213382286
2012m2_ref33_oy0_FL3064486,0.1964510573204797
2012m2_ref33_oy0_FL3064487,0.19735478316228208
2012m2_ref33_oy0_FL3064488,0.19825850900389044
2012m2_ref33_oy0_FL3064489,0.19916223483681605
2012m2_ref33_oy0_FL3064490,0.20006595910851077
2012m2_ref33_oy0_FL3064491,0.20096968495088227
2012m2_ref33_oy0_FL3064492,0.20187341078506668
2012m2_ref33_oy0_FL3064493,0.20277713662743818
2012m2_ref33_oy0_FL3064494,0.20368086246980974
2012m2_ref33_oy0_FL3064495,0.20458458830399412
2012m2_ref33_oy0_FL3064496,0.20548831412525698
2012m2_ref33_oy0_FL3064497,0.20639203996313957
2012m2_ref33_oy0_FL3064498,0.20729576580743184
2012m2_ref33_oy0_FL3064499,0.2081994919323488
2012m2_ref33_oy0_FL3064500,0.20910321777235383
2012m2_ref33_oy0_FL3064501,0.2100069443761546
2012m2_ref33_oy0_FL3064502,0.21091067021543916
2012m2_ref33_oy0_FL3064503,0.2118875569393544
2012m2_ref33_oy0_FL3064504,0.21286444337320173
2012m2_ref33_oy0_FL3064505,0.21384132980704906
2012m2_ref33_oy0_FL3064506,0.21481821623276717
2012m2_ref33_oy0_FL3064507,0.21579510287490605
2012m2_ref33_oy0_FL3064508,0.2167719893138795
2012m2_ref33_oy0_FL3064509,0.2177488757440162
2012m2_ref33_oy0_FL3064510,0.21872576217415288
2012m2_ref33_oy0_FL3064511,0.21970264861280114
2012m2_ref33_oy0_FL3064512,0.2206795350429611
2012m2_ref33_oy0_FL3064513,0.22165642143032832
2012m2_ref33_oy0_FL3064514,0.22264926306253963
2012m2_ref33_oy0_FL3064515,0.2236421047038419
2012m2_ref33_oy0_FL3064516,0.2246349463360532
2012m2_ref33_oy0_FL3064517,0.22562778790992716
2012m2_ref33_oy0_FL3064518,0.22662062954392412
2012m2_ref33_oy0_FL3064519,0.2276134711806793
2012m2_ref33_oy0_FL3064520,0.22860631281198954
2012m2_ref33_oy0_FL3064521,0.2295991544515044
2012m2_ref33_oy0_FL3064522,0.23059199608281467
2012m2_ref33_oy0_FL3064523,0.23158483694783322
2012m2_ref33_oy0_FL3064524,0.23257767858012124
2012m2_ref33_oy0_FL3064525,0.23357052021229888
2012m2_ref33_oy0_FL3064526,0.23456336185227517
2012m2_ref33_oy0_FL3064527,0.2355562034844528
2012m2_ref33_oy0_FL3064528,0.23654904512446753
2012m2_ref33_oy0_FL3064529,0.23754188650148078
2012m2_ref33_oy0_FL3064530,0.2385347281326985
2012m2_ref33_oy0_FL3064531,0.23952756977099093
2012m2_ref33_oy0_FL3064532,0.24059729216342948
2012m2_ref33_oy0_FL3064533,0.2416670144875612
2012m2_ref33_oy0_FL3064534,0.24273673679760688
2012m2_ref33_oy0_FL3064535,0.2438064591082296
2012m2_ref33_oy0_FL3064536,0.24487618166711758
2012m2_ref33_oy0_FL3064537,0.24594590312173092
2012m2_ref33_oy0_FL3064538,0.24701562515598788
2012m2_ref33_oy0_FL3064539,0.24808534794506962
2012m2_ref33_oy0_FL3064540,0.24915507057532918
2012m2_ref33_oy0_FL3064541,0.2502247932624582
2012m2_ref33_oy0_FL3064542,0.2512945155732816
2012m2_ref33_oy0_FL3064543,0.25236423788397144
2012m2_ref33_oy0_FL3064544,0.25343396019566183
2012m2_ref33_oy0_FL3064545,0.254503682502666
2012m2_ref33_oy0_FL3064546,0.25557340481838675
2012m2_ref33_oy0_FL3064547,0.2566431271289525
2012m2_ref33_oy0_FL3064548,0.2577128494396538
2012m2_ref33_oy0_FL3064549,0.25878257175023295
2012m2_ref33_oy0_FL3064550,0.25985229405896937
2012m2_ref33_oy0_FL3064551,0.2609360530975386
2012m2_ref33_oy0_FL3064552,0.2620198121346004
2012m2_ref33_oy0_FL3064553,0.26310357116730093
2012m2_ref33_oy0_FL3064554,0.26418733020000035
2012m2_ref33_oy0_FL3064555,0.26527108924225024
2012m2_ref33_oy0_FL3064556,0.26635484827494965
2012m2_ref33_oy0_FL3064557,0.2674386073076502
2012m2_ref33_oy0_FL3064558,0.2685223663498842
2012m2_ref33_oy0_FL3064559,0.26960612538258366
2012m2_ref33_oy0_FL3064560,0.27115497801221755
2012m2_ref33_oy0_FL3064561,0.272703830647449
2012m2_ref33_oy0_FL3064562,0.27425268327366553
2012m2_ref33_oy0_FL3064563,0.2758015359030662
2012m2_ref33_oy0_FL3064564,0.27681723847119893
2012m2_ref33_oy0_FL3064565,0.2778329410296489
2012m2_ref33_oy0_FL3064566,0.2788486435977816
2012m2_ref33_oy0_FL3064567,0.27986434615623157
2012m2_ref33_oy0_FL3064568,0.2808800487225953
2012m2_ref33_oy0_FL3064569,0.281895751285285
2012m2_ref33_oy0_FL3064570,0.2831283918206166
2012m2_ref33_oy0_FL3064571,0.28436103233730164
2012m2_ref33_oy0_FL3064572,0.2855936728636706
2012m2_ref33_oy0_FL3064573,0.286826313380506
2012m2_ref33_oy0_FL3064574,0.2880589538973256
2012m2_ref33_oy0_FL3064575,0.28929159442356
2012m2_ref33_oy0_FL3064576,0.2905242349403796
2012m2_ref33_oy0_FL3064577,0.291756875466614
2012m2_ref33_oy0_FL3064578,0.2929895159834484
2012m2_ref33_oy0_FL3064579,0.29422215650981837
2012m2_ref33_oy0_FL3064580,0.2954547970317079
2012m2_ref33_oy0_FL3064581,0.296853965699173
2012m2_ref33_oy0_FL3064582,0.29825313436676615
2012m2_ref33_oy0_FL3064583,0.29965230302492873
2012m2_ref33_oy0_FL3064584,0.30105147169252183
2012m2_ref33_oy0_FL3064585,0.3024506403577456
2012m2_ref33_oy0_FL3064586,0.30384980901360875
2012m2_ref33_oy0_FL3064587,0.3052489776788869
2012m2_ref33_oy0_FL3064588,0.30664814634416504
2012m2_ref33_oy0_FL3064589,0.30804731500944216
2012m2_ref33_oy0_FL3064590,0.30934879762717804
2012m2_ref33_oy0_FL3064591,0.31065028024593033
2012m2_ref33_oy0_FL3064592,0.31195176286481713
2012m2_ref33_oy0_FL3064593,0.3132532454742892
2012m2_ref33_oy0_FL3064594,0.3145547281067095
2012m2_ref33_oy0_FL3064595,0.3158562107203549
2012m2_ref33_oy0_FL3064596,0.31715769334356
2012m2_ref33_oy0_FL3064597,0.31845917595735024
2012m2_ref33_oy0_FL3064598,0.31964975748865815
2012m2_ref33_oy0_FL3064599,0.3208403390251149
2012m2_ref33_oy0_FL3064600,0.3220309205711184
2012m2_ref33_oy0_FL3064601,0.32322150210757145
2012m2_ref33_oy0_FL3064602,0.3244120836535787
2012m2_ref33_oy0_FL3064603,0.3256026651900317
2012m2_ref33_oy0_FL3064604,0.3267932467360389
2012m2_ref33_oy0_FL3064605,0.32798382827249195
2012m2_ref33_oy0_FL3064606,0.32917440981849544
2012m2_ref33_oy0_FL3064607,0.33037058475316966
2012m2_ref33_oy0_FL3064608,0.3315667596785924
2012m2_ref33_oy0_FL3064609,0.33276293460388057
2012m2_ref33_oy0_FL3064610,0.3339591095292977
2012m2_ref33_oy0_FL3064611,0.33515528445472037
2012m2_ref33_oy0_FL3064612,0.33635145938013705
2012m2_ref33_oy0_FL3064613,0.3375476343054252
2012m2_ref33_oy0_FL3064614,0.3387438092308423
2012m2_ref33_oy0_FL3064615,0.339939984156265
2012m2_ref33_oy0_FL3064616,0.3411141885951847
2012m2_ref33_oy0_FL3064617,0.3422883930242987
2012m2_ref33_oy0_FL3064618,0.34346259746296287
2012m2_ref33_oy0_FL3064619,0.3446368019016276
2012m2_ref33_oy0_FL3064620,0.34581100634029177
2012m2_ref33_oy0_FL3064621,0.3469852107695402
2012m2_ref33_oy0_FL3064622,0.34815941520806354
2012m2_ref33_oy0_FL3064623,0.3493336196467277
2012m2_ref33_oy0_FL3064624,0.3503999802202056
2012m2_ref33_oy0_FL3064625,0.3514663407951987
2012m2_ref33_oy0_FL3064626,0.35253270137449483
2012m2_ref33_oy0_FL3064627,0.3535990619536507
2012m2_ref33_oy0_FL3064628,0.3546654225328123
2012m2_ref33_oy0_FL3064629,0.35573178311210274
2012m2_ref33_oy0_FL3064630,0.3567981436818485
2012m2_ref33_oy0_FL3064631,0.35786450426101013
2012m2_ref33_oy0_FL3064632,0.3589308648401664
2012m2_ref33_oy0_FL3064633,0.3599972254212461
2012m2_ref33_oy0_FL3064634,0.36120962055833206
2012m2_ref33_oy0_FL3064635,0.3624220157048412
2012m2_ref33_oy0_FL3064636,0.3636344108419272
2012m2_ref33_oy0_FL3064637,0.36484680597901364
2012m2_ref33_oy0_FL3064638,0.36605920111609963
2012m2_ref33_oy0_FL3064639,0.3672715962626018
2012m2_ref33_oy0_FL3064640,0.36848399139969473
2012m2_ref33_oy0_FL3064641,0.3696963865367812
2012m2_ref33_oy0_FL3064642,0.37086435762059083
2012m2_ref33_oy0_FL3064643,0.3720323287058
2012m2_ref33_oy0_FL3064644,0.3732002998004191
2012m2_ref33_oy0_FL3064645,0.37436827088562824
2012m2_ref33_oy0_FL3064646,0.3755362419706969
2012m2_ref33_oy0_FL3064647,0.37670421305590657
2012m2_ref33_oy0_FL3064648,0.3778721841505256
2012m2_ref33_oy0_FL3064649,0.3790401552357348
2012m2_ref33_oy0_FL3064650,0.380208126320938
2012m2_ref33_oy0_FL3064651,0.38131959567697304
2012m2_ref33_oy0_FL3064652,0.382431065039189
2012m2_ref33_oy0_FL3064653,0.38354253440127034
2012m2_ref33_oy0_FL3064654,0.3846540037634863
2012m2_ref33_oy0_FL3064655,0.3857654731257082
2012m2_ref33_oy0_FL3064656,0.38687694248778964
2012m2_ref33_oy0_FL3064657,0.3879884118404552
2012m2_ref33_oy0_FL3064658,0.38909988120267763
2012m2_ref33_oy0_FL3064659,0.3902113505648935
2012m2_ref33_oy0_FL3064660,0.3913555698189764
2012m2_ref33_oy0_FL3064661,0.3924997890789173
2012m2_ref33_oy0_FL3064662,0.39364400832930796
2012m2_ref33_oy0_FL3064663,0.39478822758911486
2012m2_ref33_oy0_FL3064664,0.3959324468489143
2012m2_ref33_oy0_FL3064665,0.397076666099305
2012m2_ref33_oy0_FL3064666,0.3982208853592458
2012m2_ref33_oy0_FL3064667,0.3993651046190523
2012m2_ref33_oy0_FL3064668,0.40050932386943644
2012m2_ref33_oy0_FL3064669,0.4016535431298531
2012m2_ref33_oy0_FL3064670,0.40279776238667914
2012m2_ref33_oy0_FL3064671,0.4039419816435056
2012m2_ref33_oy0_FL3064672,0.4050862009003316
2012m2_ref33_oy0_FL3064673,0.40623042015715133
2012m2_ref33_oy0_FL3064674,0.4073746394139774
2012m2_ref33_oy0_FL3064675,0.4085741934577429
2012m2_ref33_oy0_FL3064676,0.4097737474894579
2012m2_ref33_oy0_FL3064677,0.4109733015305891
2012m2_ref33_oy0_FL3064678,0.41217285556316013
2012m2_ref33_oy0_FL3064679,0.4133724096038398
2012m2_ref33_oy0_FL3064680,0.41457196364451904
2012m2_ref33_oy0_FL3064681,0.415771517675654
2012m2_ref33_oy0_FL3064682,0.41697107171633374
2012m2_ref33_oy0_FL3064683,0.4184436121687138
2012m2_ref33_oy0_FL3064684,0.4199161526228661
2012m2_ref33_oy0_FL3064687,0.42230232638290455
2012m2_ref33_oy0_FL3064688,0.42357535519724476
2012m2_ref33_oy0_FL3064689,0.42469382729248384
2012m2_ref33_oy0_FL3064690,0.42598681438711566
2012m2_ref33_oy0_FL3064691,0.4272798014817413
2012m2_ref33_oy0_FL3064692,0.42845332598212754
2012m2_ref33_oy0_FL3064693,0.42962685047789223
2012m2_ref33_oy0_FL3064694,0.4308003749737914
2012m2_ref33_oy0_FL3064695,0.4319738994695623
2012m2_ref33_oy0_FL3064696,0.43314742397487693
2012m2_ref33_oy0_FL3064697,0.434320948472087
2012m2_ref33_oy0_FL3064698,0.4354944729725448
2012m2_ref33_oy0_FL3064699,0.4366679974635922
2012m2_ref33_oy0_FL3064700,0.43784152196418447
2012m2_ref33_oy0_FL3064701,0.4389924541805219
2012m2_ref33_oy0_FL3064702,0.4401433863908716
2012m2_ref33_oy0_FL3064703,0.4412943186012218
2012m2_ref33_oy0_FL3064704,0.44244525082098723
2012m2_ref33_oy0_FL3064705,0.44359618303134446
2012m2_ref33_oy0_FL3064706,0.44474711524169414
2012m2_ref33_oy0_FL3064707,0.44589804745825984
2012m2_ref33_oy0_FL3064708,0.44704897967689305
2012m2_ref33_oy0_FL3064709,0.44819991188491815
2012m2_ref33_oy0_FL3064710,0.4493019727627076
2012m2_ref33_oy0_FL3064711,0.4504040336404971
2012m2_ref33_oy0_FL3064712,0.45150609451828105
2012m2_ref33_oy0_FL3064713,0.4526081553960705
2012m2_ref33_oy0_FL3064714,0.45371021627965397
2012m2_ref33_oy0_FL3064715,0.454812277160406
2012m2_ref33_oy0_FL3064716,0.45591433804115805
2012m2_ref33_oy0_FL3064717,0.4570163989219102
2012m2_ref33_oy0_FL3064718,0.4581184597932465
2012m2_ref33_oy0_FL3064719,0.4592205206739986
2012m2_ref33_oy0_FL3064720,0.46040943435844345
2012m2_ref33_oy0_FL3064721,0.46159834804572325
2012m2_ref33_oy0_FL3064722,0.46278726174254864
2012m2_ref33_oy0_FL3064723,0.46397617542625696
2012m2_ref33_oy0_FL3064724,0.46516508911953636
2012m2_ref33_oy0_FL3064725,0.46635400281281525
2012m2_ref33_oy0_FL3064726,0.4675429165062362
2012m2_ref33_oy0_FL3064727,0.4687318301995156
2012m2_ref33_oy0_FL3064728,0.4699207438929295
2012m2_ref33_oy0_FL3064729,0.47110965758620843
2012m2_ref33_oy0_FL3064730,0.4722985712796223
2012m2_ref33_oy0_FL3064731,0.47348748503102456
2012m2_ref33_oy0_FL3064732,0.4746244480333407
2012m2_ref33_oy0_FL3064733,0.47576141103578956
2012m2_ref33_oy0_FL3064734,0.47689837403810403
2012m2_ref33_oy0_FL3064735,0.47803533704041845
2012m2_ref33_oy0_FL3064736,0.4791723000428673
2012m2_ref33_oy0_FL3064737,0.48030926304518357
2012m2_ref33_oy0_FL3064738,0.481446226047498
2012m2_ref33_oy0_FL3064739,0.4825831890499468
2012m2_ref33_oy0_FL3064740,0.4837201520522613
2012m2_ref33_oy0_FL3064741,0.48485711505457574
2012m2_ref33_oy0_FL3064742,0.48599407805702455
2012m2_ref33_oy0_FL3064743,0.4871310410593408
2012m2_ref33_oy0_FL3064744,0.4882680040616552
2012m2_ref33_oy0_FL3064745,0.4894049670598688
2012m2_ref33_oy0_FL3064746,0.49054193007024344
2012m2_ref33_oy0_FL3064747,0.49167889307120394
2012m2_ref33_oy0_FL3064748,0.4928158560722971
2012m2_ref33_oy0_FL3064749,0.4939528190732558
2012m2_ref33_oy0_FL3064750,0.4950897820742163
2012m2_ref33_oy0_FL3064751,0.4962267450751749
2012m2_ref33_oy0_FL3064752,0.4973637080761354
2012m2_ref33_oy0_FL3064753,0.4985006710770732
2012m2_ref33_oy0_FL3064754,0.499637634066027
2012m2_ref33_oy0_FL3064755,0.5006161683550824
2012m2_ref33_oy0_FL3064756,0.5015947026442744
2012m2_ref33_oy0_FL3064757,0.5025732369334643
2012m2_ref33_oy0_FL3064758,0.5035517712131058
2012m2_ref33_oy0_FL3064759,0.5045303055022957
2012m2_ref33_oy0_FL3064760,0.5055088397913532
2012m2_ref33_oy0_FL3064761,0.5064873740805431
2012m2_ref33_oy0_FL3064762,0.5074659083696007
2012m2_ref33_oy0_FL3064763,0.508444442654353
2012m2_ref33_oy0_FL3064764,0.5094229769353278
2012m2_ref33_oy0_FL3064765,0.5104015112257173
2012m2_ref33_oy0_FL3064766,0.5113800455162412
2012m2_ref33_oy0_FL3064767,0.5123585798066322
2012m2_ref33_oy0_FL3064768,0.5133371140876057
2012m2_ref33_oy0_FL3064769,0.5143156483781312
2012m2_ref33_oy0_FL3064770,0.5152941826685206
2012m2_ref33_oy0_FL3064771,0.5162727169494955
2012m2_ref33_oy0_FL3064772,0.517251251239885
2012m2_ref33_oy0_FL3064773,0.5182297855304104
2012m2_ref33_oy0_FL3064774,0.5192083198207998
2012m2_ref33_oy0_FL3064775,0.5201868541017733
2012m2_ref33_oy0_FL3064776,0.5211653883921642
2012m2_ref33_oy0_FL3064777,0.5221439226826882
2012m2_ref33_oy0_FL3064778,0.5231224569636632
2012m2_ref33_oy0_FL3064779,0.5241009912540527
2012m2_ref33_oy0_FL3064780,0.5250396509933465
2012m2_ref33_oy0_FL3064781,0.5261768939314126
2012m2_ref33_oy0_FL3064782,0.5273533188135534
2012m2_ref33_oy0_FL3064783,0.5285297436861451
2012m2_ref33_oy0_FL3064784,0.5297061685681513
2012m2_ref33_oy0_FL3064785,0.5308825934502922
2012m2_ref33_oy0_FL3064786,0.5320590183232926
2012m2_ref33_oy0_FL3064787,0.5332354432028752
2012m2_ref33_oy0_FL3064788,0.5344118680824577
2012m2_ref33_oy0_FL3064789,0.5355882929589999
2012m2_ref33_oy0_FL3064790,0.5365657446518537
2012m2_ref33_oy0_FL3064791,0.5375431963447078
2012m2_ref33_oy0_FL3064792,0.5385206480375617
2012m2_ref33_oy0_FL3064793,0.5394980997304156
2012m2_ref33_oy0_FL3064794,0.5404755514232695
2012m2_ref33_oy0_FL3064795,0.5414530031161235
2012m2_ref33_oy0_FL3064796,0.5424304548089776
2012m2_ref33_oy0_FL3064797,0.5434079065112474
2012m2_ref33_oy0_FL3064798,0.5443853582041014
2012m2_ref33_oy0_FL3064799,0.5453628098932009
2012m2_ref33_oy0_FL3064800,0.5463402615878657
2012m2_ref33_oy0_FL3064801,0.5473177132720378
2012m2_ref33_oy0_FL3064802,0.5484565932950508
2012m2_ref33_oy0_FL3064803,0.5495954733180636
2012m2_ref33_oy0_FL3064804,0.5507343533316604
2012m2_ref33_oy0_FL3064805,0.5518732333546715
2012m2_ref33_oy0_FL3064806,0.5530121133776843
2012m2_ref33_oy0_FL3064807,0.5541509934006972
2012m2_ref33_oy0_FL3064808,0.5552898734238445
2012m2_ref33_oy0_FL3064809,0.556428753437307
2012m2_ref33_oy0_FL3064810,0.5575676334640307
2012m2_ref33_oy0_FL3064811,0.5587065134803845
2012m2_ref33_oy0_FL3064812,0.5598453935062869
2012m2_ref33_oy0_FL3064813,0.5609842735227752
2012m2_ref33_oy0_FL3064814,0.5621231535486777
2012m2_ref33_oy0_FL3064815,0.5632620335650315
2012m2_ref33_oy0_FL3064816,0.5644009135909339
2012m2_ref33_oy0_FL3064817,0.5655397936074221
2012m2_ref33_oy0_FL3064818,0.5666786736333247
2012m2_ref33_oy0_FL3064819,0.5678175536498129
2012m2_ref33_oy0_FL3064820,0.5689564336757155
2012m2_ref33_oy0_FL3064821,0.5700953136920692
2012m2_ref33_oy0_FL3064822,0.5712341937186022
2012m2_ref33_oy0_FL3064823,0.5724782313331507
2012m2_ref33_oy0_FL3064824,0.5737222689476992
2012m2_ref33_oy0_FL3064825,0.5749663065622477
2012m2_ref33_oy0_FL3064826,0.5762103441672458
2012m2_ref33_oy0_FL3064827,0.5774543817832156
2012m2_ref33_oy0_FL3064828,0.5786984193972493
2012m2_ref33_oy0_FL3064829,0.5799424570111487
2012m2_ref33_oy0_FL3064830,0.5811864946251838
2012m2_ref33_oy0_FL3064831,0.582430532239083
2012m2_ref33_oy0_FL3064832,0.5836745698531169
2012m2_ref33_oy0_FL3064833,0.5846284491139582
2012m2_ref33_oy0_FL3064834,0.5855823283727797
2012m2_ref33_oy0_FL3064835,0.5865362076320744
2012m2_ref33_oy0_FL3064836,0.5874900868921873
2012m2_ref33_oy0_FL3064837,0.5884439661618478
2012m2_ref33_oy0_FL3064838,0.5893978454220923
2012m2_ref33_oy0_FL3064839,0.5903517246917558
2012m2_ref33_oy0_FL3064840,0.5913056039518657
2012m2_ref33_oy0_FL3064841,0.5922594832143103
2012m2_ref33_oy0_FL3064842,0.5932133624863178
2012m2_ref33_oy0_FL3064843,0.5941672417490456
2012m2_ref33_oy0_FL3064844,0.5951211210116372
2012m2_ref33_oy0_FL3064845,0.5960750002742304
2012m2_ref33_oy0_FL3064846,0.5970288795368219
2012m2_ref33_oy0_FL3064847,0.5981811661144072
2012m2_ref33_oy0_FL3064848,0.5993334526979156
2012m2_ref33_oy0_FL3064849,0.6004857392720093
2012m2_ref33_oy0_FL3064850,0.6016380258461017
2012m2_ref33_oy0_FL3064851,0.60279031242961
2012m2_ref33_oy0_FL3064852,0.6039425990037024
2012m2_ref33_oy0_FL3064853,0.6050948855816247
2012m2_ref33_oy0_FL3064854,0.606247172159238
2012m2_ref33_oy0_FL3064855,0.6073994587369856
2012m2_ref33_oy0_FL3064856,0.608551745314599
2012m2_ref33_oy0_FL3064857,0.6097040318829308
2012m2_ref33_oy0_FL3064858,0.610856318460544
2012m2_ref33_oy0_FL3064859,0.6120086050416392
2012m2_ref33_oy0_FL3064860,0.6130562259592929
2012m2_ref33_oy0_FL3064861,0.6141038468768109
2012m2_ref33_oy0_FL3064862,0.6151514677943288
2012m2_ref33_oy0_FL3064863,0.6161990887119827
2012m2_ref33_oy0_FL3064864,0.6172467096295007
2012m2_ref33_oy0_FL3064865,0.6182575158451111
2012m2_ref33_oy0_FL3064866,0.6194433907732446
2012m2_ref33_oy0_FL3064867,0.6206662250027476
2012m2_ref33_oy0_FL3064868,0.621889059232387
2012m2_ref33_oy0_FL3064869,0.6231118934618918
2012m2_ref33_oy0_FL3064870,0.6243347276913948
2012m2_ref33_oy0_FL3064871,0.62555756193045
2012m2_ref33_oy0_FL3064872,0.6267803961599547
2012m2_ref33_oy0_FL3064873,0.6280032303894578
2012m2_ref33_oy0_FL3064874,0.6291372938167484
2012m2_ref33_oy0_FL3064875,0.6302713572349172
2012m2_ref33_oy0_FL3064876,0.6314054206626349
2012m2_ref33_oy0_FL3064877,0.6325394840903544
2012m2_ref33_oy0_FL3064878,0.6336735475086578
2012m2_ref33_oy0_FL3064879,0.6348076109363774
2012m2_ref33_oy0_FL3064880,0.6359416743639621
2012m2_ref33_oy0_FL3064881,0.6370757377822656
2012m2_ref33_oy0_FL3064882,0.6382098012099849
2012m2_ref33_oy0_FL3064883,0.6393152160086463
2012m2_ref33_oy0_FL3064884,0.6404206308252978
2012m2_ref33_oy0_FL3064885,0.6415260456323993
2012m2_ref33_oy0_FL3064886,0.6426314604394953
2012m2_ref33_oy0_FL3064887,0.6437368752467314
2012m2_ref33_oy0_FL3064888,0.6448422900538329
2012m2_ref33_oy0_FL3064889,0.6459477048704793
2012m2_ref33_oy0_FL3064890,0.6470531196775804
2012m2_ref33_oy0_FL3064891,0.6481585344848109
2012m2_ref33_oy0_FL3064892,0.6492639492919124
2012m2_ref33_oy0_FL3064893,0.6503693641085644
2012m2_ref33_oy0_FL3064894,0.6514747789156603
2012m2_ref33_oy0_FL3064895,0.6525801937227619
2012m2_ref33_oy0_FL3064896,0.6538171969754377
2012m2_ref33_oy0_FL3064897,0.6550542002384837
2012m2_ref33_oy0_FL3064898,0.6562912034919733
2012m2_ref33_oy0_FL3064899,0.657528206745463
2012m2_ref33_oy0_FL3064900,0.6587652100085087
2012m2_ref33_oy0_FL3064901,0.660002213261998
2012m2_ref33_oy0_FL3064902,0.6612392165250439
2012m2_ref33_oy0_FL3064903,0.6624762197785337
2012m2_ref33_oy0_FL3064904,0.6637132230320233
2012m2_ref33_oy0_FL3064905,0.6649502262950691
2012m2_ref33_oy0_FL3064906,0.6661872295485584
2012m2_ref33_oy0_FL3064907,0.6672341280023113
2012m2_ref33_oy0_FL3064908,0.668281026461059
2012m2_ref33_oy0_FL3064909,0.6693279249198071
2012m2_ref33_oy0_FL3064910,0.670374823378561
2012m2_ref33_oy0_FL3064911,0.6714217218373091
2012m2_ref33_oy0_FL3064912,0.6724686202865068
2012m2_ref33_oy0_FL3064913,0.6735155187452548
2012m2_ref33_oy0_FL3064914,0.6745624172040088
2012m2_ref33_oy0_FL3064915,0.6756093156627567
2012m2_ref33_oy0_FL3064916,0.6766562141213702
2012m2_ref33_oy0_FL3064917,0.6777031125707085
2012m2_ref33_oy0_FL3064918,0.6787500110294565
2012m2_ref33_oy0_FL3064919,0.6797969094882044
2012m2_ref33_oy0_FL3064920,0.6809478750029667
2012m2_ref33_oy0_FL3064921,0.682098840512381
2012m2_ref33_oy0_FL3064922,0.6832498060218009
2012m2_ref33_oy0_FL3064923,0.6844007715312146
2012m2_ref33_oy0_FL3064924,0.6855517370406284
2012m2_ref33_oy0_FL3064925,0.6867027025500426
2012m2_ref33_oy0_FL3064926,0.6878536680585123
2012m2_ref33_oy0_FL3064927,0.6890046335689485
2012m2_ref33_oy0_FL3064928,0.6901555990793788
2012m2_ref33_oy0_FL3064935,0.680541402858313
2012m2_ref33_oy0_FL3064936,0.6816292522472892
2012m2_ref33_oy0_FL3064937,0.6827171016265805
2012m2_ref33_oy0_FL3064938,0.6838049510155567
2012m2_ref33_oy0_FL3064939,0.6848928003948542
2012m2_ref33_oy0_FL3064940,0.68598064978383
2012m2_ref33_oy0_FL3064941,0.6870684991631213
2012m2_ref33_oy0_FL3064942,0.6881563485439821
2012m2_ref33_oy0_FL3064943,0.6892441979342073
2012m2_ref33_oy0_FL3064944,0.690332047315017
2012m2_ref33_oy0_FL3064945,0.6914198966987394
2012m2_ref33_oy0_FL3064946,0.6925077460815777
2012m2_ref33_oy0_FL3064947,0.6935955954642815
2012m2_ref33_oy0_FL3064948,0.6946834448471197
2012m2_ref33_oy0_FL3064949,0.6957712942298235
2012m2_ref33_oy0_FL3064950,0.6968591436157692
2012m2_ref33_oy0_FL3064951,0.697961643444806
2012m2_ref33_oy0_FL3064952,0.6990641432642861
2012m2_ref33_oy0_FL3064953,0.7001666430933225
2012m2_ref33_oy0_FL3064954,0.7012691429228446
2012m2_ref33_oy0_FL3064955,0.7023716427483557
2012m2_ref33_oy0_FL3064956,0.7034741425738623
2012m2_ref33_oy0_FL3064957,0.7045766424018688
2012m2_ref33_oy0_FL3064958,0.7057336368082765
2012m2_ref33_oy0_FL3064959,0.7068906312148245
2012m2_ref33_oy0_FL3064960,0.7080476256213667
2012m2_ref33_oy0_FL3064961,0.7092046200279146
2012m2_ref33_oy0_FL3064962,0.7103616144344564
2012m2_ref33_oy0_FL3064963,0.711518608849085
2012m2_ref33_oy0_FL3064964,0.7126756032535179
2012m2_ref33_oy0_FL3064965,0.7138325976579571
2012m2_ref33_oy0_FL3064966,0.7149895920718059
2012m2_ref33_oy0_FL3064967,0.7161465864762447
2012m2_ref33_oy0_FL3064968,0.7173035808806775
2012m2_ref33_oy0_FL3064969,0.7184605752851163
2012m2_ref33_oy0_FL3064970,0.7196175696989651
2012m2_ref33_oy0_FL3064971,0.720774564103404
2012m2_ref33_oy0_FL3064972,0.7219170633063202
2012m2_ref33_oy0_FL3064973,0.7230595625135452
2012m2_ref33_oy0_FL3064974,0.7242020617207708
2012m2_ref33_oy0_FL3064975,0.7253445609185801
2012m2_ref33_oy0_FL3064976,0.7264870601258052
2012m2_ref33_oy0_FL3064977,0.7276295593330369
2012m2_ref33_oy0_FL3064978,0.7287720585308461
2012m2_ref33_oy0_FL3064979,0.7299145577380711
2012m2_ref33_oy0_FL3064980,0.7310570569452968
2012m2_ref33_oy0_FL3064981,0.7321995561431061
2012m2_ref33_oy0_FL3064982,0.7333420553503311
2012m2_ref33_oy0_FL3064983,0.7344845545576912
2012m2_ref33_oy0_FL3064984,0.7356270537649163
2012m2_ref33_oy0_FL3064985,0.7367695529627261
2012m2_ref33_oy0_FL3064986,0.7379120521699511
2012m2_ref33_oy0_FL3064987,0.7390545513771763
2012m2_ref33_oy0_FL3064988,0.7401970505749921
2012m2_ref33_oy0_FL3064989,0.7413395497822172
2012m2_ref33_oy0_FL3064990,0.7424406844461771
2012m2_ref33_oy0_FL3064991,0.7435418191137793
2012m2_ref33_oy0_FL3064992,0.7446429537813869
2012m2_ref33_oy0_FL3064993,0.7457440884394443
2012m2_ref33_oy0_FL3064994,0.746845223107052
2012m2_ref33_oy0_FL3064995,0.7479463577746542
2012m2_ref33_oy0_FL3064996,0.749047492432712
2012m2_ref33_oy0_FL3064997,0.7501486271003197
2012m2_ref33_oy0_FL3064998,0.7512497617677873
2012m2_ref33_oy0_FL3064999,0.7523508964355528
2012m2_ref33_oy0_FL3065000,0.7534520311344833
2012m2_ref33_oy0_FL3065001,0.7545531658005149
2012m2_ref33_oy0_FL3065002,0.7556543004421299
2012m2_ref33_oy0_FL3065003,0.7567554351392081
2012m2_ref33_oy0_FL3065004,0.757856569799714
2012m2_ref33_oy0_FL3065005,0.7589577044514033
2012m2_ref33_oy0_FL3065006,0.7600588391134501
2012m2_ref33_oy0_FL3065007,0.7611599737754924
2012m2_ref33_oy0_FL3065008,0.7622611084382056
2012m2_ref33_oy0_FL3065009,0.7633223772254938
2012m2_ref33_oy0_FL3065010,0.7643836460033725
2012m2_ref33_oy0_FL3065011,0.7654449147906605
2012m2_ref33_oy0_FL3065012,0.7665061835683982
2012m2_ref33_oy0_FL3065013,0.7675674523556866
2012m2_ref33_oy0_FL3065014,0.7686287211335588
2012m2_ref33_oy0_FL3065015,0.7696899899208474
2012m2_ref33_oy0_FL3065016,0.7707512586985851
2012m2_ref33_oy0_FL3065017,0.7718125274858736
2012m2_ref33_oy0_FL3065018,0.7728737962637457
2012m2_ref33_oy0_FL3065019,0.7739350650510337
2012m2_ref33_oy0_FL3065020,0.7749963338287719
2012m2_ref33_oy0_FL3065021,0.77605760261606
2012m2_ref33_oy0_FL3065022,0.7771188713939328
2012m2_ref33_oy0_FL3065023,0.7781801401812207
2012m2_ref33_oy0_FL3065024,0.7792414089589589
2012m2_ref33_oy0_FL3065025,0.780302677746247
2012m2_ref33_oy0_FL3065026,0.781363946533541
2012m2_ref33_oy0_FL3065027,0.7824252153114137
2012m2_ref33_oy0_FL3065028,0.783486484094224
2012m2_ref33_oy0_FL3065029,0.7846092682693842
2012m2_ref33_oy0_FL3065030,0.7857320524445501
2012m2_ref33_oy0_FL3065031,0.7868548366292601
2012m2_ref33_oy0_FL3065032,0.7879776207992998
2012m2_ref33_oy0_FL3065033,0.7891004049779662
2012m2_ref33_oy0_FL3065034,0.7902231891566326
2012m2_ref33_oy0_FL3065035,0.7913459733352991
2012m2_ref33_oy0_FL3065036,0.7924687575139655
2012m2_ref33_oy0_FL3065037,0.7935915416925039
2012m2_ref33_oy0_FL3065038,0.7947143258711703
2012m2_ref33_oy0_FL3065039,0.7958371100404209
2012m2_ref33_oy0_FL3065040,0.7969598942190874
2012m2_ref33_oy0_FL3065041,0.7980826783976194
2012m2_ref33_oy0_FL3065042,0.7992054625762861
2012m2_ref33_oy0_FL3065043,0.8003282467549587
2012m2_ref33_oy0_FL3065044,0.801451030933625
2012m2_ref33_oy0_FL3065045,0.8025738151122915
2012m2_ref33_oy0_FL3065046,0.8036965992705438
2012m2_ref33_oy0_FL3065047,0.8047923366601059
2012m2_ref33_oy0_FL3065048,0.8058880740402541
2012m2_ref33_oy0_FL3065049,0.8069838114298159
2012m2_ref33_oy0_FL3065050,0.8080795488099641
2012m2_ref33_oy0_FL3065051,0.8091752861995262
2012m2_ref33_oy0_FL3065052,0.8102710235890903
2012m2_ref33_oy0_FL3065053,0.8113667609692363
2012m2_ref33_oy0_FL3065054,0.8124624983588004
2012m2_ref33_oy0_FL3065055,0.8135582357483646
2012m2_ref33_oy0_FL3065056,0.8146539731285106
2012m2_ref33_oy0_FL3065057,0.8157497105180747
2012m2_ref33_oy0_FL3065058,0.8168454478980862
2012m2_ref33_oy0_FL3065059,0.8179411852876504
2012m2_ref33_oy0_FL3065060,0.8190369226772124
2012m2_ref33_oy0_FL3065061,0.8201326600573604
2012m2_ref33_oy0_FL3065062,0.8212283974469224
2012m2_ref33_oy0_FL3065063,0.8223241348270707
2012m2_ref33_oy0_FL3065064,0.8234198722166348
2012m2_ref33_oy0_FL3065065,0.824515609604387
2012m2_ref33_oy0_FL3065066,0.8256109427670327
2012m2_ref33_oy0_FL3065067,0.8267062759199933
2012m2_ref33_oy0_FL3065068,0.8278016090826411
2012m2_ref33_oy0_FL3065069,0.8288969422451522
2012m2_ref33_oy0_FL3065070,0.8299922754076635
2012m2_ref33_oy0_FL3065071,0.8310876085607587
2012m2_ref33_oy0_FL3065072,0.8321829417232699
2012m2_ref33_oy0_FL3065073,0.8332782748857811
2012m2_ref33_oy0_FL3065074,0.8343736080482923
2012m2_ref33_oy0_FL3065075,0.8354689412013895
2012m2_ref33_oy0_FL3065076,0.8365642743639006
2012m2_ref33_oy0_FL3065077,0.8376596075264119
2012m2_ref33_oy0_FL3065078,0.8387549406901765
2012m2_ref33_oy0_FL3065079,0.8398502738478845
2012m2_ref33_oy0_FL3065080,0.8409244333730912
2012m2_ref33_oy0_FL3065081,0.8419985929078456
2012m2_ref33_oy0_FL3065082,0.8430727524330526
2012m2_ref33_oy0_FL3065083,0.8441469119582594
2012m2_ref33_oy0_FL3065084,0.8452210714834661
2012m2_ref33_oy0_FL3065085,0.8462952310182206
2012m2_ref33_oy0_FL3065086,0.8473693905434272
2012m2_ref33_oy0_FL3065087,0.8484435500686341
2012m2_ref33_oy0_FL3065088,0.8495177095938411
2012m2_ref33_oy0_FL3065089,0.8505918691204369
2012m2_ref33_oy0_FL3065090,0.8516660286484055
2012m2_ref33_oy0_FL3065091,0.8527401881765084
2012m2_ref33_oy0_FL3065092,0.8538143477044753
2012m2_ref33_oy0_FL3065093,0.8548975988558504
2012m2_ref33_oy0_FL3065094,0.8559808500072238
2012m2_ref33_oy0_FL3065095,0.8570641011587316
2012m2_ref33_oy0_FL3065096,0.8581473523101065
2012m2_ref33_oy0_FL3065097,0.8592306034614798
2012m2_ref33_oy0_FL3065098,0.8603138546128548
2012m2_ref33_oy0_FL3065099,0.8614535266651081
2012m2_ref33_oy0_FL3065100,0.8625931987216293
2012m2_ref33_oy0_FL3065101,0.8637328707780159
2012m2_ref33_oy0_FL3065102,0.8648725428345398
2012m2_ref33_oy0_FL3065103,0.8660122148815104
2012m2_ref33_oy0_FL3065104,0.8671518869378969
2012m2_ref33_oy0_FL3065105,0.868291558994421
2012m2_ref33_oy0_FL3065106,0.8694312310508074
2012m2_ref33_oy0_FL3065107,0.8705709031071942
2012m2_ref33_oy0_FL3065108,0.8716553634882438
2012m2_ref33_oy0_FL3065109,0.8727398238750398
2012m2_ref33_oy0_FL3065110,0.8738242842616989
2012m2_ref33_oy0_FL3065111,0.8749087446483602
2012m2_ref33_oy0_FL3065112,0.8759932050350219
2012m2_ref33_oy0_FL3065113,0.877077665412265
2012m2_ref33_oy0_FL3065114,0.8781621257989265
2012m2_ref33_oy0_FL3065115,0.8792465861855857
2012m2_ref33_oy0_FL3065116,0.8803310465722471
2012m2_ref33_oy0_FL3065117,0.8814155069589086
2012m2_ref33_oy0_FL3065118,0.8824999673457021
2012m2_ref33_oy0_FL3065119,0.8835844277228132
2012m2_ref33_oy0_FL3065120,0.8846688881096093
2012m2_ref33_oy0_FL3065121,0.8857533484962684
2012m2_ref33_oy0_FL3065122,0.8869136163763612
2012m2_ref33_oy0_FL3065123,0.8880738842641549
2012m2_ref33_oy0_FL3065124,0.8892341521425325
2012m2_ref33_oy0_FL3065125,0.8903944200209103
2012m2_ref33_oy0_FL3065126,0.891554687908704
2012m2_ref33_oy0_FL3065127,0.8927149557870792
2012m2_ref33_oy0_FL3065128,0.893875223665457
2012m2_ref33_oy0_FL3065129,0.8950354915532507
2012m2_ref33_oy0_FL3065130,0.8961957594316285
2012m2_ref33_oy0_FL3065131,0.8973560273110183
2012m2_ref33_oy0_FL3065132,0.8985162951954647
2012m2_ref33_oy0_FL3065133,0.899676563070364
2012m2_ref33_oy0_FL3065134,0.9008368309548107
2012m2_ref33_oy0_FL3065135,0.9019970988392604
2012m2_ref33_oy0_FL3065136,0.903157366723707
2012m2_ref33_oy0_FL3065137,0.9043176345987407
2012m2_ref33_oy0_FL3065138,0.9054779024831873
2012m2_ref33_oy0_FL3065139,0.9066381703676369
2012m2_ref33_oy0_FL3065140,0.9077984382497294
2012m2_ref33_oy0_FL3065141,0.9089587061294732
2012m2_ref33_oy0_FL3065142,0.9100694563483467
2012m2_ref33_oy0_FL3065143,0.9111802065670859
2012m2_ref33_oy0_FL3065144,0.9122909567859594
2012m2_ref33_oy0_FL3065145,0.9134017070142489
2012m2_ref33_oy0_FL3065146,0.9145124572329877
2012m2_ref33_oy0_FL3065147,0.9156232074518612
2012m2_ref33_oy0_FL3065148,0.9167339576706003
2012m2_ref33_oy0_FL3065149,0.9178447078903066
2012m2_ref33_oy0_FL3065150,0.9191903325462298
2012m2_ref33_oy0_FL3065151,0.9205359572114346
2012m2_ref33_oy0_FL3065152,0.9218815818673581
2012m2_ref33_oy0_FL3065153,0.9232272065231469
2012m2_ref33_oy0_FL3065154,0.9245728311789361
2012m2_ref33_oy0_FL3065155,0.9259184558442752
2012m2_ref33_oy0_FL3065156,0.927264080500064
2012m2_ref33_oy0_FL3065157,0.9286097051571078
2012m2_ref33_oy0_FL3065158,0.9297098906550977
2012m2_ref33_oy0_FL3065159,0.9308100761434
2012m2_ref33_oy0_FL3065160,0.9319102616413899
2012m2_ref33_oy0_FL3065161,0.9330104471298291
2012m2_ref33_oy0_FL3065162,0.934110632627682
2012m2_ref33_oy0_FL3065163,0.9352108181255372
2012m2_ref33_oy0_FL3065164,0.9363110036139766
2012m2_ref33_oy0_FL3065165,0.9374111891118294
2012m2_ref33_oy0_FL3065166,0.9385113746054938
2012m2_ref33_oy0_FL3065167,0.9396115601000912
2012m2_ref33_oy0_FL3065168,0.9407117455948232
2012m2_ref33_oy0_FL3065169,0.9418119310894205
2012m2_ref33_oy0_FL3065170,0.9429121165840181
2012m2_ref33_oy0_FL3065171,0.9440123020786154
2012m2_ref33_oy0_FL3065172,0.9451124875732131
2012m2_ref33_oy0_FL3065189,0.9288534014309159
2012m2_ref33_oy0_FL3065190,0.9300569903638082
2012m2_ref33_oy0_FL3065191,0.931260579296835
2012m2_ref33_oy0_FL3065192,0.9324641682203088
2012m2_ref33_oy0_FL3065193,0.9336677571533356
2012m2_ref33_oy0_FL3065194,0.9348713460862278
2012m2_ref33_oy0_FL3065195,0.9360749350192547
2012m2_ref33_oy0_FL3065196,0.937278523942731
2012m2_ref33_oy0_FL3065197,0.9384821128801157
2012m2_ref33_oy0_FL3065198,0.9396857018107758
2012m2_ref33_oy0_FL3065199,0.9408892907415703
2012m2_ref33_oy0_FL3065200,0.9420928796723649
2012m2_ref33_oy0_FL3065201,0.9432964685936089
2012m2_ref33_oy0_FL3065202,0.944500057524269
2012m2_ref33_oy0_FL3065203,0.9457036464550636
2012m2_ref33_oy0_FL3065204,0.9469072353858581
2012m2_ref33_oy0_FL3065205,0.9481108243165182
2012m2_ref33_oy0_FL3065206,0.949314413248065
2012m2_ref33_oy0_FL3065207,0.9505180021763088
2012m2_ref33_oy0_FL3065208,0.9517215911045499
2012m2_ref33_oy0_FL3065209,0.9529251800327938
2012m2_ref33_oy0_FL3065210,0.9541287689610377
2012m2_ref33_oy0_FL3065211,0.9553323578988294
2012m2_ref33_oy0_FL3065212,0.9565359468270733
2012m2_ref33_oy0_FL3065213,0.957739535755317
2012m2_ref33_oy0_FL3065214,0.958943124686228
2012m2_ref33_oy0_FL3065215,0.9601467136198444
2012m2_ref33_oy0_FL3065216,0.9613503025440446
2012m2_ref33_oy0_FL3065217,0.9625538914776607
2012m2_ref33_oy0_FL3065218,0.9637574804114114
2012m2_ref33_oy0_FL3065219,0.9649610693354772
2012m2_ref33_oy0_FL3065220,0.9661646582692281
2012m2_ref33_oy0_FL3065221,0.9673682471934282
2012m2_ref33_oy0_FL3065222,0.9685718361270411
2012m2_ref33_oy0_FL3065223,0.9696280236531023
2012m2_ref33_oy0_FL3065224,0.9706842111735909
2012m2_ref33_oy0_FL3065225,0.9717403986940795
2012m2_ref33_oy0_FL3065226,0.972796586214705
2012m2_ref33_oy0_FL3065227,0.9738527737351935
2012m2_ref33_oy0_FL3065228,0.9749089612558166
2012m2_ref33_oy0_FL3065229,0.9759651487763075
2012m2_ref33_oy0_FL3065230,0.977021336296796
2012m2_ref33_oy0_FL3065231,0.9780775238174192
2012m2_ref33_oy0_FL3065232,0.97913371133791
2012m2_ref33_oy0_FL3065233,0.9801898988585332
2012m2_ref33_oy0_FL3065234,0.9812460863790239
2012m2_ref33_oy0_FL3065235,0.9823022738995126
2012m2_ref33_oy0_FL3065236,0.9833584614201357
2012m2_ref33_oy0_FL3065237,0.9844146489406266
2012m2_ref33_oy0_FL3065238,0.9854708364612498
2012m2_ref33_oy0_FL3065239,0.9865270239817383
2012m2_ref33_oy0_FL3065240,0.987583211502229
2012m2_ref33_oy0_FL3065241,0.9886393990228522
2012m2_ref33_oy0_FL3065242,0.9896955865463851
2012m2_ref33_oy0_FL3065243,0.9908548502826632
2012m2_ref33_oy0_FL3065244,0.9920141140188093
2012m2_ref33_oy0_FL3065245,0.9931733777550871
2012m2_ref33_oy0_FL3065246,0.9943326414913651
2012m2_ref33_oy0_FL3065247,0.9954919052276431
2012m2_ref33_oy0_FL3065248,0.9966511689639238
2012m2_ref33_oy0_FL3065249,0.9978104327002018
2012m2_ref33_oy0_FL3065250,0.9989696964363451
2012m2_ref33_oy0_FL3065251,1.0
2012m2_ref33_oy0_FL3065252,1.0
